Seed,School,Conference,Record,Overall Seed,Berth type,PPG,OppPPG,year,Rk,AdjEM,AdjO,AdjO Rank,AdjD,AdjD Rank,AdjT,AdjT Rank,Luck,Luck Rank,SOS AdjEM,AdjEM Rank,OppO,OppO Rank,OppD,OppD Rank,NCSOS_AdjEM,NCSOS_AdjEM Rank,State,Wins,Losses
1.0,Gonzaga,West Coast,26–3,1.0,Automatic,87.2,66.2,2022,1,30.95,120.7,3,89.7,10,72.5,5,-0.039,271,4.24,93,104.6,101,100.3,89,-2.88,248,WA,26,3
1.0,Gonzaga,West Coast,26–0,1.0,Automatic,91.0,69.7,2021,1,36.48,126.4,1,89.9,11,73.8,7,0.022,127,11.35,72,108.1,70,96.8,74,6.21,112,WA,26,0
1.0,Gonzaga,West Coast,30–3,4.0,At-Large,87.6,64.9,2019,2,32.85,124.5,1,91.6,12,70.2,62,-0.001,180,4.46,75,106.9,69,102.5,87,1.87,105,WA,30,3
4.0,Gonzaga,West Coast,30–4,15.0,Automatic,83.5,67.7,2018,10,23.03,118.1,14,95.1,18,69.4,107,0.009,153,1.57,108,106.4,102,104.8,128,3.12,78,WA,30,4
1.0,Gonzaga,West Coast,32–1,4.0,Automatic,82.6,61.5,2017,1,32.05,118.4,16,86.3,1,70.1,76,0.02,133,2.99,89,106.2,84,103.3,105,1.01,127,WA,32,1
11.0,Gonzaga,West Coast,26–7,44.0,Automatic,78.7,66.0,2016,21,20.82,116.3,22,95.5,27,67.3,218,-0.038,273,3.51,90,107.3,77,103.8,118,6.12,25,WA,26,7
2.0,Gonzaga,West Coast,32–2,7.0,Automatic,77.8,61.8,2015,7,27.78,121.7,5,93.9,16,64.7,154,0.018,138,4.37,80,107.3,67,102.9,103,3.0,66,WA,32,2
8.0,Gonzaga,West Coast,28–6,30.0,Automatic,75.7,65.5,2014,24,20.14,114.0,35,93.8,18,65.0,154,0.016,146,5.05,83,109.0,42,103.9,110,2.2,100,WA,28,6
1.0,Gonzaga,West Coast,31–2,4.0,Automatic,76.2,59.9,2013,5,27.81,120.5,3,92.7,30,63.3,232,0.026,116,4.37,87,105.4,75,101.0,102,5.03,39,WA,31,2
7.0,Gonzaga,West Coast,25–6,27.0,At-Large,73.8,63.2,2012,21,18.39,113.1,30,94.7,33,64.8,183,-0.018,218,2.08,116,104.9,81,102.8,158,1.05,126,WA,25,6
2.0,Duke,ACC,28–6,8.0,At-Large,80.1,67.8,2022,8,25.15,121.1,1,95.9,49,67.3,172,-0.01,199,8.22,42,107.8,24,99.6,63,-4.58,288,NC,28,6
1.0,Duke,ACC,29–5,1.0,Automatic,82.7,67.8,2019,4,30.62,120.0,7,89.3,6,72.1,20,0.018,134,12.85,7,110.7,4,97.8,11,5.08,40,NC,29,5
2.0,Duke,ACC,26–7,6.0,At-Large,84.4,69.6,2018,3,28.86,122.4,3,93.6,9,69.7,93,-0.034,271,10.6,15,110.4,30,99.8,10,4.09,58,NC,26,7
2.0,Duke,ACC,27–8,7.0,Automatic,80.8,70.2,2017,14,24.17,121.0,6,96.8,47,68.3,175,0.014,150,11.43,12,111.0,13,99.6,21,0.03,153,NC,27,8
4.0,Duke,ACC,23–10,13.0,At-Large,81.1,72.5,2016,17,21.87,121.9,4,100.0,86,67.7,194,-0.026,248,11.23,10,112.0,3,100.7,35,3.52,69,NC,23,10
1.0,Duke,ACC,29–4,3.0,At-Large,79.6,64.2,2015,3,32.48,124.5,3,92.0,11,65.8,104,0.067,38,11.17,3,110.7,2,99.5,17,1.31,117,NC,29,4
3.0,Duke,ACC,26–8,9.0,At-Large,78.4,67.4,2014,8,24.25,124.7,1,100.4,86,64.6,179,-0.035,255,8.76,25,109.2,34,100.5,17,2.4,93,NC,26,8
2.0,Duke,ACC,27–5,6.0,At-Large,77.2,65.3,2013,6,26.98,119.1,4,92.1,26,66.7,75,0.033,97,9.95,10,108.4,4,98.5,29,6.85,18,NC,27,5
2.0,Duke,ACC,27–6,6.0,At-Large,77.3,68.6,2012,19,19.7,117.7,8,98.0,79,66.4,108,0.057,45,8.18,22,107.3,25,99.1,23,7.68,17,NC,27,6
3.0,Texas Tech,Big 12,25–9,12.0,At-Large,72.1,60.6,2022,7,25.64,110.7,42,85.0,1,66.5,218,-0.031,247,10.98,12,107.8,26,96.8,9,-8.24,347,TX,25,9
6.0,Texas Tech,Big 12,17–10,22.0,At-Large,72.5,63.2,2021,17,21.81,112.7,32,90.9,18,65.1,316,-0.099,340,12.84,59,108.5,67,95.7,51,-4.88,283,TX,17,10
3.0,Texas Tech,Big 12,26–6,10.0,At-Large,72.8,59.5,2019,5,30.03,114.1,25,84.1,1,66.6,231,0.004,171,11.18,21,109.8,19,98.7,22,-5.39,307,TX,26,6
3.0,Texas Tech,Big 12,24–9,12.0,At-Large,74.6,64.8,2018,11,22.59,113.3,50,90.8,4,66.7,247,-0.007,195,10.31,19,110.7,23,100.4,25,-5.24,309,TX,24,9
8.0,Texas Tech,Big 12,19–12,29.0,At-Large,72.0,69.9,2016,54,13.78,113.2,46,99.4,72,66.0,273,0.028,101,10.66,15,110.4,22,99.7,8,0.62,151,TX,19,12
4.0,Arkansas,SEC,25–8,16.0,At-Large,75.9,68.3,2022,18,19.46,109.9,53,90.4,11,70.7,28,0.038,99,9.08,27,107.5,33,98.4,28,-2.78,245,AR,25,8
3.0,Arkansas,SEC,22–6,9.0,At-Large,81.4,70.8,2021,18,21.56,111.1,43,89.6,10,72.6,19,0.064,51,12.69,63,109.4,49,96.7,73,-4.09,272,AR,22,6
7.0,Arkansas,SEC,23–11,26.0,At-Large,80.5,75.6,2018,44,14.69,116.3,20,101.7,106,69.7,91,0.059,56,9.9,25,110.5,28,100.6,27,0.87,141,AR,23,11
8.0,Arkansas,SEC,25–9,31.0,At-Large,79.3,73.9,2017,35,16.25,116.1,28,99.8,76,69.7,87,0.086,9,8.37,45,108.6,59,100.2,28,-1.55,202,AR,25,9
5.0,Arkansas,SEC,26–8,18.0,At-Large,77.4,70.1,2015,29,16.44,114.7,26,98.3,67,69.3,13,0.045,72,6.09,64,107.2,71,101.1,59,-3.44,263,AR,26,8
5.0,UConn,Big East,23–9,17.0,At-Large,74.8,65.3,2022,22,18.55,113.8,22,95.3,43,64.8,300,-0.038,269,7.39,59,105.7,77,98.3,24,-3.58,262,CT,23,9
7.0,UConn,Big East,15–7,26.0,At-Large,71.7,64.6,2021,21,20.61,113.1,27,92.5,29,65.5,309,-0.068,310,12.99,57,108.2,69,95.2,33,-1.27,240,CT,15,7
9.0,UConn,American,24–10,36.0,Automatic,73.1,63.5,2016,26,18.71,111.9,59,93.2,12,65.9,277,-0.036,270,6.17,71,107.6,72,101.4,56,-0.91,187,CT,24,10
7.0,UConn,American,26–8,26.0,At-Large,72.1,63.5,2014,15,22.13,113.6,39,91.5,10,63.2,254,0.08,23,9.43,13,109.7,24,100.3,11,0.91,134,CT,26,8
9.0,UConn,Big East,20–13,34.0,At-Large,68.7,64.5,2012,38,14.53,111.3,42,96.8,57,63.0,270,-0.032,255,8.25,19,107.3,21,99.1,22,-0.46,172,CT,20,13
6.0,Alabama,SEC,19–13,21.0,At-Large,79.5,76.5,2022,28,16.57,115.2,16,98.6,92,71.9,11,-0.022,229,12.58,2,109.4,2,96.9,10,10.15,10,AL,19,13
2.0,Alabama,SEC,24–6,5.0,Automatic,79.7,70.1,2021,9,25.09,112.9,30,87.8,3,73.3,11,0.02,131,14.8,33,110.1,35,95.3,41,9.45,71,AL,24,6
9.0,Alabama,SEC,19–15,36.0,At-Large,72.3,70.6,2018,57,13.41,108.7,106,95.2,20,68.7,151,0.017,130,11.17,8,110.9,19,99.7,7,2.54,84,AL,19,15
9.0,Alabama,SEC,21–11,33.0,At-Large,64.7,58.1,2012,27,16.69,106.1,115,89.5,6,61.9,302,-0.067,314,7.07,35,107.4,18,100.3,57,3.98,62,AL,21,11
7.0,Michigan State,Big Ten,22–12,27.0,At-Large,72.3,69.0,2022,42,14.76,111.9,31,97.1,67,67.5,147,0.052,69,10.93,14,109.4,4,98.5,32,3.91,56,MI,22,12
11.0,Michigan State,Big Ten,15–12,43.0,At-Large,69.4,71.1,2021,64,12.9,107.1,98,94.2,45,68.3,164,0.09,22,17.72,10,112.5,2,94.8,26,-1.03,234,MI,15,12
2.0,Michigan State,Big Ten,28–6,6.0,Automatic,77.6,65.0,2019,3,30.81,121.0,5,90.2,9,66.9,211,0.001,177,13.67,2,110.6,7,96.9,1,3.24,82,MI,28,6
3.0,Michigan State,Big Ten,29–4,9.0,At-Large,80.2,64.9,2018,6,25.41,119.2,13,93.8,10,67.0,234,0.038,83,6.64,62,108.6,63,101.9,65,-5.03,303,MI,29,4
9.0,Michigan State,Big Ten,19–14,35.0,At-Large,71.9,68.7,2017,40,15.51,111.4,58,95.9,37,66.9,241,-0.011,214,10.99,18,110.6,21,99.6,20,4.01,51,MI,19,14
2.0,Michigan State,Big Ten,29–5,5.0,Automatic,79.8,64.1,2016,5,27.97,123.4,2,95.5,26,66.5,254,-0.012,210,7.19,57,107.5,73,100.3,22,0.4,157,MI,29,5
7.0,Michigan State,Big Ten,23–11,25.0,At-Large,71.1,63.6,2015,15,21.72,116.6,14,94.9,27,63.1,248,-0.017,222,10.49,7,110.3,7,99.8,20,-0.88,184,MI,23,11
4.0,Michigan State,Big Ten,26–8,14.0,Automatic,75.5,65.6,2014,9,23.92,118.6,13,94.7,21,64.4,188,-0.003,192,10.44,6,110.2,15,99.7,5,0.57,144,MI,26,8
1.0,Michigan State,Big Ten,27–7,4.0,Automatic,71.6,59.3,2012,3,27.87,114.7,17,86.9,2,64.3,209,-0.027,244,10.21,3,108.6,6,98.4,7,-1.07,190,MI,27,7
8.0,Boise State,Mountain West,27–7,29.0,Automatic,67.7,61.0,2022,39,15.14,107.5,86,92.4,20,64.4,318,0.029,116,5.47,79,104.8,95,99.3,54,0.55,141,ID,27,7
11.0,Boise State,Mountain West,25–8,45.0,At-Large,69.4,60.8,2015,47,13.85,111.9,50,98.1,63,62.8,259,0.009,165,0.94,121,104.8,116,103.9,133,-0.31,166,ID,25,8
13.0,Boise State,Mountain West,21–10,45.0,At-Large,71.1,66.9,2013,54,13.54,113.2,25,99.7,119,64.8,166,0.004,165,6.74,49,105.9,45,99.2,52,-1.38,205,ID,21,10
9.0,Memphis,American,21–10,36.0,At-Large,75.2,68.3,2022,24,17.23,111.2,38,94.0,33,69.9,49,-0.028,242,7.43,57,106.4,59,99.0,46,4.46,45,TN,21,10
8.0,Memphis,American,23–9,31.0,At-Large,76.2,70.3,2014,36,15.22,112.4,56,97.1,50,67.5,53,0.048,73,7.25,54,108.3,63,101.1,39,0.02,160,TN,23,9
6.0,Memphis,C-USA,30–4,23.0,Automatic,74.5,64.9,2013,37,16.33,107.3,85,91.0,17,68.3,31,0.056,39,1.9,120,104.8,93,102.9,161,0.43,138,TN,30,4
8.0,Memphis,C-USA,26–8,31.0,Automatic,74.7,63.1,2012,12,21.9,114.2,22,92.3,17,67.5,60,-0.064,307,5.1,62,104.9,78,99.8,41,6.96,22,TN,26,8
10.0,Davidson,Atlantic 10,27–6,40.0,At-Large,74.6,66.1,2022,40,14.85,116.8,11,101.9,155,64.7,307,-0.02,221,1.72,115,102.7,164,100.9,104,-1.98,219,NC,27,6
12.0,Davidson,Atlantic 10,21–11,48.0,Automatic,76.3,67.9,2018,43,14.7,117.0,16,102.3,120,64.5,332,-0.063,318,2.11,104,105.6,116,103.5,91,1.33,121,NC,21,11
10.0,Davidson,Atlantic 10,24–7,38.0,At-Large,78.3,69.5,2015,36,15.0,119.7,9,104.7,176,66.7,62,0.056,53,3.16,93,105.3,108,102.2,87,-3.78,274,NC,24,7
14.0,Davidson,Southern,26–7,55.0,Automatic,72.6,61.9,2013,66,11.36,112.1,32,100.7,136,63.9,205,-0.002,186,-5.09,269,100.3,266,105.4,283,6.42,23,NC,26,7
13.0,Davidson,Southern,25–7,53.0,Automatic,76.9,67.9,2012,71,10.65,112.0,33,101.4,141,67.4,65,0.008,151,-3.0,230,101.5,239,104.5,229,8.78,11,NC,25,7
11.0,Rutgers,Big Ten,18–13,44.0,At-Large,68.5,66.5,2022,77,10.82,106.9,96,96.1,53,64.9,295,0.001,172,7.92,49,108.1,18,100.2,81,-10.43,354,NJ,18,13
10.0,Rutgers,Big Ten,15–11,40.0,At-Large,69.3,67.6,2021,38,17.48,108.1,82,90.6,16,67.4,214,0.027,113,17.99,7,112.4,3,94.4,19,-5.69,294,NJ,15,11
11.0,Notre Dame,ACC,22–10,47.0,At-Large,72.1,67.2,2022,38,15.25,112.4,28,97.2,69,65.6,258,0.017,141,7.81,52,107.1,48,99.3,53,2.7,90,IN,22,10
5.0,Notre Dame,ACC,25–9,19.0,At-Large,77.3,69.3,2017,27,19.74,118.1,18,98.4,61,67.0,236,0.024,120,10.24,28,110.1,35,99.8,23,-3.85,270,IN,25,9
6.0,Notre Dame,ACC,21–11,22.0,At-Large,75.1,70.6,2016,36,16.6,120.6,9,104.0,158,64.6,324,0.054,54,10.75,12,111.3,9,100.5,29,-1.64,210,IN,21,11
3.0,Notre Dame,ACC,29–5,12.0,Automatic,78.0,65.8,2015,9,24.96,125.4,2,100.4,99,63.4,226,0.062,47,7.59,42,107.7,57,100.1,26,-11.62,347,IN,29,5
7.0,Notre Dame,Big East,25–9,27.0,At-Large,70.0,63.5,2013,36,16.65,114.6,17,97.9,86,60.3,320,0.046,62,6.53,54,105.1,82,98.6,34,-6.61,318,IN,25,9
7.0,Notre Dame,Big East,22–11,25.0,At-Large,66.4,61.7,2012,42,14.22,110.9,50,96.7,55,60.2,329,0.032,87,6.94,37,106.4,42,99.4,28,-4.28,277,IN,22,11
12.0,New Mexico State,WAC,26–6,50.0,Automatic,70.7,64.9,2022,80,10.61,107.1,92,96.5,61,66.1,238,0.085,30,1.21,122,102.5,172,101.3,109,3.48,71,NM,26,6
12.0,New Mexico State,WAC,30–4,49.0,Automatic,77.6,65.2,2019,53,13.62,113.0,35,99.3,84,65.9,269,0.042,79,-3.44,236,102.8,235,106.2,222,-3.22,254,NM,30,4
12.0,New Mexico State,WAC,28–5,47.0,Automatic,75.4,65.2,2018,60,12.92,107.9,116,95.0,16,68.5,165,0.027,106,-1.4,174,104.0,193,105.4,157,3.7,66,NM,28,5
14.0,New Mexico State,WAC,28–5,55.0,Automatic,77.3,68.8,2017,84,7.89,110.5,70,102.6,124,67.9,195,0.063,35,-4.52,267,101.0,307,105.6,174,-4.82,295,NM,28,5
15.0,New Mexico State,WAC,23–10,59.0,Automatic,67.6,60.2,2015,98,6.63,107.4,111,100.8,106,63.0,254,-0.042,277,-5.37,290,101.1,310,106.5,254,1.78,105,NM,23,10
13.0,New Mexico State,WAC,26–9,53.0,Automatic,76.4,67.7,2014,72,10.54,112.9,45,102.4,117,65.2,148,-0.03,246,-3.64,234,103.0,258,106.7,225,2.6,88,NM,26,9
13.0,New Mexico State,WAC,24–10,52.0,Automatic,67.3,62.9,2013,88,7.68,104.7,137,97.1,76,63.8,212,0.039,78,0.36,138,102.7,148,102.3,135,3.94,64,NM,24,10
13.0,New Mexico State,WAC,26–9,54.0,Automatic,77.1,68.4,2012,65,11.22,109.3,65,98.1,81,69.4,23,-0.041,266,-0.88,176,103.4,144,104.3,213,-0.87,185,NM,26,9
13.0,Vermont,America East,28–5,53.0,Automatic,74.6,61.1,2022,54,13.2,111.1,39,97.9,83,64.9,292,-0.028,241,-7.0,319,99.0,323,106.0,293,1.92,107,VT,28,5
13.0,Vermont,America East,27–6,52.0,Automatic,72.3,63.2,2019,76,8.86,108.5,97,99.6,88,65.5,285,0.043,77,-5.55,281,100.7,311,106.2,221,3.2,85,VT,27,6
13.0,Vermont,America East,29–5,53.0,Automatic,73.3,63.4,2017,63,11.67,111.1,62,99.4,73,64.5,315,0.053,53,-4.42,263,103.0,234,107.4,282,1.65,112,VT,29,5
16.0,Vermont,America East,23–11,66.0,Automatic,67.1,60.9,2012,118,5.17,105.3,131,100.1,119,61.9,300,-0.024,236,-5.44,296,99.1,319,104.6,232,-1.55,201,VT,23,11
14.0,Montana State,Big Sky,27–7,58.0,Automatic,75.0,69.7,2022,138,2.94,104.3,150,101.4,143,67.5,153,0.085,29,-6.02,294,101.6,208,107.6,345,-1.34,199,MT,27,7
15.0,Cal State Fullerton,Big West,21–10,62.0,Automatic,68.6,66.4,2022,154,1.47,104.1,152,102.7,173,66.1,242,0.047,77,-2.99,214,100.5,267,103.5,174,-3.84,270,CA,21,10
15.0,Cal State Fullerton,Big West,20–11,61.0,Automatic,71.8,71.7,2018,162,0.62,103.7,192,103.1,133,69.6,98,0.097,14,-1.2,167,103.8,204,105.0,139,2.76,83,CA,20,11
16.0,Georgia State,Sun Belt,18–10,63.0,Automatic,68.5,68.2,2022,150,1.6,101.5,202,99.9,119,67.3,169,0.062,54,-0.97,163,101.2,223,102.1,123,2.05,105,GA,18,10
14.0,Georgia State,Sun Belt,24–9,57.0,Automatic,75.2,73.4,2019,124,4.85,107.7,111,102.8,143,70.0,69,0.143,2,1.09,115,105.2,121,104.1,137,3.5,70,GA,24,9
15.0,Georgia State,Sun Belt,24–10,60.0,Automatic,73.8,67.8,2018,101,6.92,108.8,102,101.9,110,66.8,246,-0.015,218,-2.51,207,103.4,229,105.9,186,-3.22,263,GA,24,10
14.0,Georgia State,Sun Belt,24–9,55.0,Automatic,70.1,62.6,2015,68,10.32,111.6,52,101.3,112,62.4,275,-0.003,192,-1.47,174,102.4,249,103.9,132,3.63,54,GA,24,9
1.0,Baylor,Big 12,26–6,4.0,At-Large,77.0,64.1,2022,4,27.04,118.0,8,91.0,13,67.4,163,0.004,163,10.96,13,107.4,36,96.5,7,-1.89,216,TX,26,6
1.0,Baylor,Big 12,22–2,2.0,At-Large,82.9,65.5,2021,2,33.87,125.0,2,91.1,22,67.4,213,0.046,80,13.25,54,108.7,64,95.5,44,-2.83,258,TX,22,2
9.0,Baylor,Big 12,19–13,35.0,At-Large,71.8,67.7,2019,35,16.48,115.3,20,98.8,75,65.2,297,-0.029,255,10.49,28,108.8,43,98.3,18,-4.04,276,TX,19,13
3.0,Baylor,Big 12,25–7,12.0,At-Large,71.9,64.0,2017,13,24.23,117.1,23,92.9,16,63.7,328,0.023,126,13.08,5,111.7,6,98.6,6,1.67,110,TX,25,7
5.0,Baylor,Big 12,22–11,20.0,At-Large,76.3,69.9,2016,24,19.06,118.9,14,99.8,84,66.6,252,-0.012,211,11.21,11,109.7,34,98.4,2,-3.12,257,TX,22,11
3.0,Baylor,Big 12,24–9,10.0,At-Large,68.7,60.2,2015,14,22.14,116.6,13,94.5,23,61.5,307,-0.035,268,10.22,13,108.9,22,98.7,6,-0.51,172,TX,24,9
6.0,Baylor,Big 12,24–11,24.0,At-Large,73.5,67.8,2014,26,19.39,118.9,10,99.5,70,61.3,319,0.012,157,10.31,7,111.0,3,100.6,20,-0.36,171,TX,24,11
3.0,Baylor,Big 12,27–7,9.0,At-Large,74.2,65.6,2012,13,21.29,116.0,13,94.7,34,65.6,138,0.059,40,9.61,7,108.1,10,98.5,8,-2.7,236,TX,27,7
2.0,Kentucky,SEC,26–7,6.0,At-Large,79.4,66.6,2022,6,25.72,120.0,5,94.3,36,67.5,150,-0.043,279,8.88,30,106.5,58,97.6,14,-2.72,242,KY,26,7
2.0,Kentucky,SEC,27–6,7.0,At-Large,75.8,64.7,2019,8,27.57,117.6,14,90.1,8,65.6,284,0.033,98,11.32,19,110.7,5,99.4,34,1.75,107,KY,27,6
5.0,Kentucky,SEC,24–10,17.0,Automatic,76.8,70.2,2018,17,20.44,115.8,24,95.4,22,68.8,146,-0.008,199,10.91,12,110.8,22,99.8,11,4.67,44,KY,24,10
2.0,Kentucky,SEC,29–5,5.0,Automatic,84.9,71.5,2017,4,27.72,119.1,12,91.4,7,72.0,26,0.006,175,10.98,19,110.5,24,99.5,15,3.74,56,KY,29,5
4.0,Kentucky,SEC,26–8,15.0,Automatic,79.5,68.1,2016,6,25.14,121.8,5,96.6,39,67.4,214,-0.046,288,8.37,44,108.6,58,100.3,19,3.19,75,KY,26,8
1.0,Kentucky,SEC,34–0,1.0,Automatic,74.4,54.3,2015,1,36.91,121.3,6,84.4,1,62.4,274,0.048,68,8.58,26,108.7,27,100.1,27,3.13,64,KY,34,0
8.0,Kentucky,SEC,24–10,29.0,At-Large,75.3,66.8,2014,13,22.55,118.3,14,95.8,32,64.0,217,-0.025,240,10.73,5,110.5,7,99.8,6,4.19,60,KY,24,10
1.0,Kentucky,SEC,32–2,1.0,At-Large,77.6,60.6,2012,1,32.59,122.2,2,89.6,7,65.4,150,0.032,86,7.99,26,106.8,35,98.8,12,-1.06,189,KY,32,2
3.0,Purdue,Big Ten,27–7,11.0,At-Large,79.4,68.4,2022,14,22.36,121.0,2,98.6,93,66.1,237,0.022,133,8.81,33,108.0,19,99.2,49,-3.54,261,IN,27,7
4.0,Purdue,Big Ten,18–9,14.0,At-Large,71.0,66.7,2021,25,20.33,113.3,26,92.9,34,66.1,278,0.01,148,16.61,17,111.2,16,94.6,22,5.71,122,IN,18,9
3.0,Purdue,Big Ten,23–9,12.0,At-Large,76.7,67.3,2019,9,26.81,122.5,4,95.6,34,65.9,268,-0.015,224,13.16,4,110.3,13,97.1,3,4.09,55,IN,23,9
2.0,Purdue,Big Ten,28–6,7.0,At-Large,80.4,65.7,2018,5,26.27,122.7,2,96.4,31,67.2,223,0.006,163,9.02,41,109.1,51,100.1,14,0.69,144,IN,28,6
4.0,Purdue,Big Ten,25–7,16.0,At-Large,79.7,68.4,2017,19,23.12,117.0,24,93.9,23,69.1,113,0.016,142,9.0,38,109.6,39,100.6,42,-2.38,224,IN,25,7
5.0,Purdue,Big Ten,26–8,18.0,At-Large,77.9,65.2,2016,9,23.85,116.9,19,93.1,11,67.9,182,-0.046,286,7.43,56,109.1,46,101.7,66,-2.67,239,IN,26,8
9.0,Purdue,Big Ten,21–12,36.0,At-Large,69.9,64.6,2015,44,13.96,110.9,61,97.0,54,64.3,173,-0.006,201,7.45,44,109.0,17,101.6,75,-2.75,245,IN,21,12
10.0,Purdue,Big Ten,21–12,37.0,At-Large,71.8,66.0,2012,30,16.25,116.2,10,99.9,114,64.3,204,-0.003,179,8.81,8,108.4,9,99.6,32,-2.64,234,IN,21,12
4.0,UCLA,Pac–12,25–7,13.0,At-Large,75.4,64.5,2022,11,24.26,115.9,12,91.7,16,65.2,277,-0.029,245,8.5,39,107.2,43,98.7,38,3.67,64,CA,25,7
11.0,UCLA,Pac–12,17–9,44.0,At-Large,73.4,68.4,2021,13,22.43,116.9,11,94.5,46,63.8,341,0.028,110,17.38,11,111.3,14,93.9,6,9.87,66,CA,17,9
11.0,UCLA,Pac–12,21–11,41.0,At-Large,81.2,76.0,2018,56,13.52,115.0,31,101.4,103,70.3,70,-0.027,257,6.42,63,108.1,72,101.7,60,2.93,81,CA,21,11
3.0,UCLA,Pac–12,29–4,11.0,At-Large,89.8,75.5,2017,16,23.63,124.0,2,100.4,85,72.6,20,0.021,132,5.17,74,108.0,67,102.8,89,-4.66,291,CA,29,4
11.0,UCLA,Pac–12,20–13,42.0,At-Large,71.9,68.1,2015,40,14.65,112.9,40,98.2,66,65.8,101,0.032,100,8.4,27,107.9,49,99.5,18,2.63,82,CA,20,13
4.0,UCLA,Pac–12,26–8,15.0,Automatic,81.2,70.4,2014,14,22.53,118.7,11,96.1,37,68.4,33,-0.019,224,7.63,43,109.1,39,101.5,58,-3.26,262,CA,26,8
6.0,UCLA,Pac–12,25–9,24.0,At-Large,74.4,69.3,2013,46,14.53,111.1,42,96.6,67,68.1,35,0.068,32,8.06,22,105.9,44,97.9,16,0.43,139,CA,25,9
5.0,Saint Mary's,West Coast,25–7,19.0,At-Large,69.5,61.3,2022,17,19.53,110.1,51,90.6,12,63.6,339,0.039,96,6.89,65,106.8,54,99.9,71,3.31,72,CA,25,7
11.0,Saint Mary's,West Coast,22–11,44.0,Automatic,72.4,64.3,2019,31,17.31,114.7,23,97.4,55,62.7,348,-0.045,285,3.66,82,106.6,76,103.0,100,-0.9,183,CA,22,11
7.0,Saint Mary's,West Coast,28–4,25.0,At-Large,72.0,57.5,2017,15,23.67,118.7,14,95.0,26,60.2,350,0.03,99,0.41,127,104.3,163,103.9,117,-4.13,277,CA,28,4
11.0,Saint Mary's,West Coast,27–6,46.0,At-Large,74.0,62.8,2013,21,19.33,116.1,11,96.8,73,62.9,246,0.023,122,3.18,109,104.9,92,101.7,117,-0.49,172,CA,27,6
7.0,Saint Mary's,West Coast,27–5,26.0,Automatic,73.6,63.2,2012,34,15.48,114.3,20,98.8,91,63.4,258,0.036,78,0.17,150,104.1,116,103.9,192,-2.17,217,CA,27,5
6.0,Texas,Big 12,21–11,23.0,At-Large,68.8,60.6,2022,15,20.88,112.5,26,91.6,14,63.8,336,-0.043,281,10.68,15,107.7,27,97.0,12,-8.15,343,TX,21,11
3.0,Texas,Big 12,19–7,11.0,Automatic,74.4,68.2,2021,26,20.31,113.1,28,92.8,31,68.6,146,-0.004,190,14.52,38,109.2,54,94.7,23,8.2,85,TX,19,7
10.0,Texas,Big 12,19–14,39.0,At-Large,72.1,68.8,2018,36,15.43,109.5,89,94.1,12,65.2,316,-0.03,263,11.77,3,111.4,8,99.6,5,2.05,99,TX,19,14
6.0,Texas,Big 12,20–12,21.0,At-Large,71.4,68.3,2016,39,16.19,113.0,49,96.8,40,65.3,306,0.022,118,12.54,4,111.5,7,99.0,5,5.55,31,TX,20,12
11.0,Texas,Big 12,20–13,41.0,At-Large,67.4,60.3,2015,24,18.94,112.4,47,93.4,14,62.0,290,-0.079,329,9.52,20,108.3,33,98.8,8,-2.47,234,TX,20,13
7.0,Texas,Big 12,23–10,25.0,At-Large,74.2,70.7,2014,41,14.52,111.8,61,97.3,53,66.8,70,0.092,14,9.61,10,110.9,4,101.3,46,-1.74,213,TX,23,10
11.0,Texas,Big 12,20–13,43.0,At-Large,72.6,66.8,2012,32,15.9,112.9,31,97.0,64,64.9,176,-0.065,311,8.45,14,107.8,11,99.4,27,-1.52,198,TX,20,13
7.0,Murray State,Ohio Valley,30–2,26.0,Automatic,76.3,63.4,2022,36,15.42,111.5,34,96.1,52,66.1,241,0.074,43,-3.09,218,101.1,227,104.2,212,4.29,47,KY,30,2
12.0,Murray State,Ohio Valley,27–4,46.0,Automatic,81.0,68.9,2019,51,13.83,112.5,41,98.6,73,69.4,89,0.054,54,-3.32,233,103.1,222,106.4,228,-1.13,192,KY,27,4
12.0,Murray State,Ohio Valley,26–5,50.0,Automatic,77.1,66.7,2018,62,12.19,112.9,54,100.7,93,67.2,222,0.0,176,-3.56,243,102.9,253,106.4,222,-0.99,185,KY,26,5
6.0,Murray State,Ohio Valley,30–1,23.0,Automatic,73.0,61.6,2012,35,15.34,108.5,80,93.2,20,65.0,172,0.031,92,-2.34,209,102.9,162,105.2,269,3.63,69,KY,30,1
8.0,North Carolina,ACC,24–9,30.0,At-Large,77.9,71.3,2022,16,20.13,114.4,18,94.3,35,70.2,39,0.072,46,9.9,19,109.0,8,99.1,47,3.79,61,NC,24,9
8.0,North Carolina,ACC,18–10,31.0,At-Large,75.2,69.9,2021,34,18.62,110.3,52,91.7,27,71.5,43,-0.005,194,14.79,34,110.9,21,96.1,62,8.2,87,NC,18,10
1.0,North Carolina,ACC,27–6,3.0,At-Large,85.8,73.2,2019,7,27.69,119.7,8,92.0,15,74.3,6,0.024,116,12.6,8,110.7,2,98.1,15,5.69,28,NC,27,6
2.0,North Carolina,ACC,25–10,5.0,At-Large,81.6,73.3,2018,8,23.59,120.3,6,96.7,38,71.2,46,-0.011,207,13.26,1,111.6,5,98.3,1,7.58,17,NC,25,10
1.0,North Carolina,ACC,27–7,3.0,At-Large,83.9,70.8,2017,3,28.22,120.7,9,92.5,11,71.3,40,0.037,85,12.49,6,112.0,4,99.5,19,3.87,53,NC,27,7
1.0,North Carolina,ACC,28–6,2.0,Automatic,82.8,70.0,2016,2,29.82,124.4,1,94.6,21,70.5,60,-0.055,305,11.45,8,111.7,4,100.2,18,3.13,77,NC,28,6
4.0,North Carolina,ACC,24–11,13.0,At-Large,77.7,68.8,2015,10,23.85,119.1,11,95.3,37,69.2,16,-0.026,244,12.76,2,111.1,1,98.3,3,7.64,15,NC,24,11
6.0,North Carolina,ACC,23–9,21.0,At-Large,76.6,69.8,2014,29,18.44,112.6,48,94.2,20,69.2,18,0.0,186,8.83,23,110.5,9,101.6,60,1.31,121,NC,23,9
8.0,North Carolina,ACC,24–10,29.0,At-Large,75.7,69.2,2013,32,17.14,112.2,31,95.1,47,69.6,12,0.038,86,8.57,19,106.6,25,98.0,17,-0.95,189,NC,24,10
1.0,North Carolina,ACC,29–5,3.0,At-Large,81.3,67.1,2012,6,25.44,116.1,12,90.7,11,70.9,10,0.016,134,7.41,30,107.2,27,99.8,40,1.89,100,NC,29,5
9.0,Marquette,Big East,19–12,35.0,At-Large,74.0,71.6,2022,56,13.06,109.2,64,96.2,55,70.9,25,0.021,137,9.5,23,107.3,40,97.8,20,4.04,51,WI,19,12
5.0,Marquette,Big East,24–9,17.0,At-Large,77.3,69.5,2019,33,16.52,113.2,32,96.7,45,68.8,116,0.01,154,6.77,57,107.4,63,100.7,51,0.29,151,WI,24,9
10.0,Marquette,Big East,19–12,39.0,At-Large,82.2,75.6,2017,32,16.58,120.8,8,104.2,165,70.1,75,-0.058,311,9.03,37,109.1,50,100.1,27,-2.16,219,WI,19,12
3.0,Marquette,Big East,23–8,12.0,At-Large,68.1,62.6,2013,26,18.32,113.2,24,94.9,45,63.3,230,0.09,11,9.28,13,105.9,49,96.6,1,-1.14,196,WI,23,8
3.0,Marquette,Big East,25–7,10.0,At-Large,75.4,65.9,2012,18,20.22,111.5,40,91.3,14,70.0,15,0.042,67,8.24,20,106.6,39,98.3,6,-0.95,187,WI,25,7
10.0,San Francisco,West Coast,24–9,37.0,At-Large,76.3,67.5,2022,23,17.38,110.5,44,93.1,26,68.9,82,-0.042,277,5.18,80,105.5,82,100.3,87,2.23,97,CA,24,9
11.0,Virginia Tech,ACC,23–12,46.0,Automatic,70.8,62.8,2022,19,18.86,115.0,17,96.1,54,63.3,340,-0.062,310,7.88,50,107.4,37,99.5,59,-0.53,174,VA,23,12
10.0,Virginia Tech,ACC,15–6,37.0,At-Large,72.0,66.0,2021,52,14.44,109.7,59,95.3,53,65.7,298,0.043,82,9.69,85,107.9,72,98.2,106,0.63,207,VA,15,6
4.0,Virginia Tech,ACC,24–8,16.0,At-Large,73.5,62.1,2019,13,24.07,118.1,11,94.0,20,63.7,334,-0.005,195,8.47,47,108.3,49,99.9,42,-6.26,325,VA,24,8
8.0,Virginia Tech,ACC,21–11,31.0,At-Large,79.8,72.2,2018,33,16.03,115.3,28,99.3,70,68.7,147,-0.018,229,7.91,53,109.2,47,101.3,52,-9.76,344,VA,21,11
9.0,Virginia Tech,ACC,22–10,36.0,At-Large,79.1,74.7,2017,50,13.8,117.3,21,103.5,156,68.4,167,0.053,51,8.23,47,110.0,36,101.7,65,-7.98,342,VA,22,10
12.0,Wyoming,Mountain West,25–8,43.0,At-Large,71.5,65.7,2022,65,11.94,109.1,67,97.2,71,66.1,239,0.056,65,4.1,97,104.7,97,100.6,100,-1.05,186,WY,25,8
12.0,Wyoming,Mountain West,25–9,47.0,Automatic,61.2,57.4,2015,109,5.67,104.8,164,99.1,80,59.1,343,0.083,21,-1.04,161,103.0,210,104.1,141,-10.31,343,WY,25,9
12.0,Indiana,Big Ten,20–13,45.0,At-Large,70.8,66.2,2022,48,14.04,107.0,95,92.9,24,67.2,175,-0.02,223,8.51,38,108.1,17,99.6,64,-6.23,319,IN,20,13
5.0,Indiana,Big Ten,25–7,17.0,At-Large,82.6,69.9,2016,11,23.05,121.7,6,98.7,59,68.2,159,0.0,173,6.4,65,108.8,51,102.4,87,-3.12,258,IN,25,7
10.0,Indiana,Big Ten,20–13,37.0,At-Large,77.4,71.7,2015,48,13.83,119.8,8,106.0,200,66.6,69,-0.044,284,6.92,51,107.8,52,100.9,50,-5.96,322,IN,20,13
1.0,Indiana,Big Ten,27–6,3.0,At-Large,78.6,62.1,2013,3,29.31,120.8,2,91.5,19,66.0,105,-0.021,239,8.86,17,106.7,23,97.8,14,-5.16,294,IN,27,6
4.0,Indiana,Big Ten,25–8,15.0,At-Large,77.3,66.4,2012,9,22.55,120.2,4,97.6,72,66.7,92,0.007,155,8.41,15,107.4,19,99.0,16,-4.96,295,IN,25,8
13.0,Akron,MAC,24–9,54.0,Automatic,68.8,63.9,2022,126,3.62,105.6,121,102.0,158,62.1,352,0.013,147,-5.13,270,100.7,255,105.8,280,-4.48,283,OH,24,9
12.0,Akron,MAC,26–6,51.0,Automatic,71.0,63.1,2013,62,11.52,106.8,101,95.2,50,65.2,140,0.085,17,-0.35,147,102.4,157,102.7,150,0.28,147,OH,26,6
14.0,Yale,Ivy,19–11,56.0,Automatic,71.3,70.0,2022,147,1.98,100.7,218,98.8,98,68.8,88,0.063,53,-1.48,180,103.3,139,104.8,246,0.65,137,CT,19,11
14.0,Yale,Ivy,22–7,55.0,Automatic,80.7,73.9,2019,77,8.79,111.6,51,102.8,141,71.0,41,0.041,80,-1.1,167,103.0,224,104.2,140,-2.09,222,CT,22,7
12.0,Yale,Ivy,22–6,49.0,Automatic,74.3,64.2,2016,47,14.33,110.4,88,96.0,34,66.0,275,0.026,105,-0.85,169,105.5,122,106.4,209,-1.0,193,CT,22,6
15.0,Saint Peter's,MAAC,19–11,60.0,Automatic,66.4,62.9,2022,102,7.24,100.3,231,93.0,25,65.9,247,0.018,139,0.25,137,103.1,150,102.8,149,3.97,52,NJ,19,11
16.0,Norfolk State,MEAC,24–6,64.0,Automatic,72.0,66.6,2022,176,-0.49,102.1,195,102.6,167,66.8,198,0.128,5,-10.02,357,95.5,358,105.5,267,-4.18,279,VA,24,6
16.0,Norfolk State,MEAC,16–7,67.0,Automatic,73.3,71.0,2021,210,-4.47,99.1,234,103.6,199,67.5,211,0.09,21,-7.09,322,98.1,318,105.2,310,-0.76,231,VA,16,7
15.0,Norfolk State,MEAC,25–9,62.0,Automatic,69.5,67.8,2012,183,-1.82,100.9,211,102.7,165,66.6,93,0.189,1,-6.31,313,100.3,292,106.6,324,1.39,112,VA,25,9
1.0,Arizona,Pac–12,31–3,2.0,Automatic,84.0,68.1,2022,5,25.96,118.6,7,92.6,21,72.2,9,0.048,75,6.45,70,105.9,70,99.5,58,-0.78,180,AZ,31,3
4.0,Arizona,Pac–12,27–7,16.0,Automatic,80.5,71.7,2018,28,17.7,118.0,15,100.4,83,67.1,224,0.036,88,5.96,68,108.5,65,102.5,73,2.51,86,AZ,27,7
2.0,Arizona,Pac–12,30–4,6.0,Automatic,76.6,65.9,2017,18,23.31,118.4,15,95.1,29,66.0,277,0.046,66,7.13,59,108.7,56,101.5,60,1.69,107,AZ,30,4
6.0,Arizona,Pac–12,25–8,23.0,At-Large,80.4,68.9,2016,19,20.97,116.8,20,95.8,29,68.3,154,-0.038,272,6.66,63,107.9,67,101.3,54,-3.66,269,AZ,25,8
2.0,Arizona,Pac–12,31–3,6.0,Automatic,76.6,59.7,2015,4,32.36,119.9,7,87.5,3,65.8,102,-0.033,258,7.37,45,108.3,38,100.9,49,0.09,157,AZ,31,3
1.0,Arizona,Pac–12,30–4,2.0,At-Large,72.9,58.6,2014,2,30.11,116.5,20,86.4,1,62.8,272,0.014,151,9.3,17,109.9,20,100.6,18,1.62,113,AZ,30,4
6.0,Arizona,Pac–12,25–7,21.0,At-Large,73.4,63.6,2013,14,21.88,115.4,13,93.5,32,65.5,133,-0.012,214,7.99,24,106.4,29,98.5,27,1.45,116,AZ,25,7
2.0,Villanova,Big East,26–7,7.0,Automatic,71.7,62.7,2022,10,24.56,117.5,9,92.9,23,62.3,347,0.06,58,11.46,9,109.1,6,97.6,15,8.65,14,PA,26,7
5.0,Villanova,Big East,16–6,18.0,At-Large,74.8,66.5,2021,12,23.02,119.0,6,96.0,66,64.2,336,-0.007,200,13.66,47,109.3,51,95.7,50,8.12,89,PA,16,6
6.0,Villanova,Big East,25–9,21.0,Automatic,73.7,67.4,2019,30,17.33,116.5,16,99.2,81,63.6,335,0.044,73,8.0,51,108.8,44,100.8,55,3.32,78,PA,25,9
1.0,Villanova,Big East,30–4,2.0,Automatic,86.6,70.2,2018,1,33.76,127.8,1,94.0,11,68.7,150,-0.018,225,11.31,6,111.3,10,100.0,12,3.98,61,PA,30,4
1.0,Villanova,Big East,31–3,1.0,Automatic,77.2,62.7,2017,2,29.88,122.4,3,92.5,12,64.1,324,0.01,166,9.33,33,109.8,38,100.5,32,3.55,61,PA,31,3
2.0,Villanova,Big East,29–5,7.0,At-Large,78.0,63.6,2016,1,32.01,122.8,3,90.8,5,66.0,274,0.023,114,10.74,13,110.5,19,99.7,9,2.98,83,PA,29,5
1.0,Villanova,Big East,32–2,2.0,Automatic,76.5,60.9,2015,5,30.65,122.7,4,92.0,12,64.2,183,0.031,104,7.67,41,108.2,42,100.6,43,0.23,152,PA,32,2
2.0,Villanova,Big East,28–4,5.0,At-Large,78.0,66.5,2014,11,23.68,116.3,21,92.6,12,66.0,103,0.075,30,7.47,49,110.1,18,102.6,90,2.61,87,PA,28,4
9.0,Villanova,Big East,20–13,38.0,At-Large,67.5,65.3,2013,53,13.57,106.3,113,92.7,29,66.4,88,0.011,150,9.41,12,106.5,27,97.1,4,0.3,143,PA,20,13
3.0,Tennessee,SEC,26–7,10.0,Automatic,73.5,62.9,2022,9,25.1,111.5,35,86.4,3,67.4,157,0.029,117,11.39,10,108.5,9,97.1,13,4.85,42,TN,26,7
5.0,Tennessee,SEC,18–8,19.0,At-Large,71.9,63.5,2021,28,19.95,108.0,85,88.1,5,67.1,232,-0.013,215,13.11,56,108.9,60,95.8,53,-0.34,221,TN,18,8
2.0,Tennessee,SEC,29–5,5.0,At-Large,81.9,70.5,2019,10,26.24,122.7,3,96.5,42,67.8,164,0.034,96,10.69,25,109.7,23,99.0,28,0.92,129,TN,29,5
3.0,Tennessee,SEC,25–8,10.0,At-Large,73.8,65.7,2018,13,22.27,114.6,36,92.4,6,66.0,282,0.019,125,11.01,11,111.2,13,100.2,18,7.1,20,TN,25,8
11.0,Tennessee,SEC,21–12,44.0,At-Large,71.5,62.0,2014,10,23.69,117.9,15,94.2,19,61.6,313,-0.099,341,8.12,36,108.9,46,100.8,29,1.46,115,TN,21,12
4.0,Illinois,Big Ten,22–9,14.0,At-Large,74.4,67.2,2022,20,18.75,112.0,30,93.3,29,67.2,179,0.033,110,10.44,17,109.0,7,98.6,34,1.39,123,IL,22,9
1.0,Illinois,Big Ten,23–6,3.0,Automatic,80.5,68.6,2021,4,29.06,118.0,8,88.9,7,70.5,79,0.022,128,18.17,5,112.3,5,94.1,13,10.44,59,IL,23,6
7.0,Illinois,Big Ten,22–12,28.0,At-Large,68.0,64.9,2013,39,15.82,110.6,46,94.8,44,64.6,180,0.042,71,10.84,5,108.1,6,97.3,8,-0.8,185,IL,22,12
5.0,Houston,American,29–5,18.0,Automatic,74.8,58.8,2022,2,27.7,116.8,10,89.1,8,63.6,338,-0.012,203,5.89,75,105.5,81,99.6,62,0.18,154,TX,29,5
2.0,Houston,American,24–3,8.0,Automatic,74.9,58.6,2021,5,28.75,118.3,7,89.6,9,64.4,332,0.018,133,9.21,90,105.7,105,96.5,67,2.11,187,TX,24,3
3.0,Houston,American,31–3,9.0,At-Large,75.3,61.0,2019,12,24.13,115.3,19,91.2,11,66.1,260,0.039,86,4.45,76,105.7,92,101.3,62,-4.16,283,TX,31,3
6.0,Houston,American,26–7,23.0,At-Large,76.7,64.9,2018,18,20.24,114.6,38,94.4,13,68.4,167,-0.015,216,3.9,81,106.6,95,102.7,75,-3.08,254,TX,26,7
6.0,Colorado State,Mountain West,25–5,24.0,At-Large,72.9,66.2,2022,46,14.45,112.9,24,98.4,89,65.4,270,0.121,6,5.02,84,104.9,88,99.9,72,-2.32,230,CO,25,5
11.0,Colorado State,Mountain West,20–11,41.0,At-Large,70.1,68.0,2012,88,8.17,111.9,35,103.7,189,63.6,250,0.075,21,4.39,70,104.7,87,100.3,56,0.85,131,CO,20,11
7.0,Ohio State,Big Ten,19–11,28.0,At-Large,72.8,67.7,2022,31,16.24,115.5,13,99.3,111,65.0,289,-0.017,213,9.83,20,108.3,13,98.4,30,2.31,96,OH,19,11
2.0,Ohio State,Big Ten,21–9,6.0,At-Large,77.2,71.1,2021,11,23.58,120.7,4,97.1,82,66.7,251,-0.012,212,17.9,9,111.6,10,93.7,5,3.47,164,OH,21,9
11.0,Ohio State,Big Ten,19–14,41.0,At-Large,69.1,66.2,2019,44,14.66,109.1,84,94.4,25,65.8,274,0.013,147,11.68,17,110.4,8,98.8,24,-2.95,246,OH,19,14
5.0,Ohio State,Big Ten,24–8,20.0,At-Large,76.2,67.6,2018,16,21.16,116.0,23,94.9,15,67.0,238,0.02,124,8.75,44,109.8,40,101.1,46,0.26,151,OH,24,8
10.0,Ohio State,Big Ten,23–10,39.0,At-Large,75.3,63.0,2015,19,20.75,115.6,22,94.8,25,65.2,132,-0.043,280,6.76,55,108.1,45,101.4,64,-7.41,334,OH,23,10
6.0,Ohio State,Big Ten,25–9,22.0,At-Large,69.5,59.8,2014,19,21.3,109.3,103,88.0,2,64.0,218,-0.043,275,7.8,39,109.2,36,101.4,50,-3.36,267,OH,25,9
2.0,Ohio State,Big Ten,26–7,8.0,Automatic,70.2,59.4,2013,7,25.42,115.1,14,89.7,9,63.6,218,0.02,135,10.18,9,107.3,12,97.1,5,-5.53,302,OH,26,7
2.0,Ohio State,Big Ten,27–7,7.0,At-Large,74.7,59.8,2012,2,30.07,118.1,6,88.1,4,66.9,88,-0.05,287,10.1,4,108.9,3,98.8,13,-3.34,253,OH,27,7
8.0,Seton Hall,Big East,21–10,32.0,At-Large,70.6,66.4,2022,52,13.61,107.1,91,93.5,31,67.3,167,0.033,111,8.91,29,107.5,32,98.6,36,0.99,130,NJ,21,10
10.0,Seton Hall,Big East,20–13,38.0,At-Large,73.8,71.9,2019,60,11.5,109.0,87,97.5,60,69.1,100,0.023,120,8.54,44,109.2,36,100.7,52,3.58,68,NJ,20,13
8.0,Seton Hall,Big East,21–11,29.0,At-Large,79.4,73.9,2018,26,18.04,116.9,17,98.8,62,69.5,103,-0.028,260,10.12,21,110.5,27,100.4,24,0.0,157,NJ,21,11
9.0,Seton Hall,Big East,21–11,34.0,At-Large,73.2,70.4,2017,51,13.63,109.4,84,95.8,34,67.5,214,0.058,43,9.65,31,110.2,29,100.6,37,-2.11,218,NJ,21,11
6.0,Seton Hall,Big East,25–8,24.0,Automatic,74.2,67.8,2016,29,18.27,111.1,72,92.9,10,69.7,92,0.016,132,8.55,41,108.5,61,100.0,14,-2.92,247,NJ,25,8
9.0,TCU,Big 12,20–12,34.0,At-Large,68.5,64.9,2022,26,17.02,108.7,74,91.7,15,65.9,246,0.014,144,11.74,6,108.0,21,96.2,5,-5.0,298,TX,20,12
6.0,TCU,Big 12,21–11,24.0,At-Large,82.1,75.4,2018,24,18.47,119.7,9,101.2,100,68.6,160,-0.067,322,9.67,29,110.7,24,101.0,43,-0.82,178,TX,21,11
10.0,Loyola Chicago,Missouri Valley,25–7,39.0,Automatic,72.3,61.9,2022,29,16.52,108.6,75,92.1,18,64.7,308,0.012,149,3.12,105,104.7,98,101.6,113,3.15,79,IL,25,7
8.0,Loyola Chicago,Missouri Valley,24–4,30.0,Automatic,70.1,56.4,2021,10,24.32,111.3,41,87.0,2,63.7,342,-0.024,233,6.27,112,105.6,110,99.4,123,4.81,139,IL,24,4
11.0,Loyola Chicago,Missouri Valley,28–5,46.0,Automatic,70.9,62.4,2018,31,16.39,111.4,63,95.0,17,65.5,307,0.077,22,2.48,99,104.8,156,102.3,72,-5.47,315,IL,28,5
11.0,Michigan,Big Ten,17–14,42.0,At-Large,72.6,69.4,2022,27,16.61,113.9,21,97.2,74,66.7,203,-0.019,217,12.15,4,109.8,1,97.7,18,6.27,27,MI,17,14
1.0,Michigan,Big Ten,20–4,4.0,At-Large,75.8,65.1,2021,3,29.67,117.6,9,87.9,4,66.6,256,0.007,156,16.44,19,111.7,9,95.3,39,2.51,178,MI,20,4
2.0,Michigan,Big Ten,28–6,8.0,At-Large,69.6,58.3,2019,6,28.32,114.5,24,86.2,2,64.8,317,-0.001,181,11.27,20,109.2,35,98.0,12,-5.42,309,MI,28,6
3.0,Michigan,Big Ten,28–7,11.0,Automatic,72.9,63.3,2018,7,24.2,114.7,35,90.5,3,64.9,324,0.052,61,10.32,18,111.4,7,101.1,47,-4.83,301,MI,28,7
7.0,Michigan,Big Ten,24–11,27.0,Automatic,75.0,66.4,2017,20,23.05,122.3,4,99.2,69,63.1,338,-0.025,252,10.76,23,110.3,26,99.5,18,-0.53,170,MI,24,11
11.0,Michigan,Big Ten,22–12,42.0,At-Large,73.9,68.1,2016,50,14.15,114.6,30,100.5,92,65.8,289,0.013,146,8.96,35,110.1,29,101.1,48,-2.15,226,MI,22,12
2.0,Michigan,Big Ten,25–8,6.0,At-Large,73.9,65.1,2014,12,23.44,123.9,3,100.5,89,61.0,330,0.047,76,11.65,2,110.3,12,98.6,1,0.62,142,MI,25,8
4.0,Michigan,Big Ten,26–7,13.0,At-Large,74.5,62.8,2013,4,27.86,121.9,1,94.0,37,64.0,198,-0.007,197,11.13,3,108.2,5,97.0,3,-3.09,257,MI,26,7
4.0,Michigan,Big Ten,24–9,13.0,At-Large,66.5,62.3,2012,22,17.52,114.3,19,96.8,56,60.1,330,0.058,42,10.65,2,109.0,2,98.3,4,-0.11,161,MI,24,9
12.0,UAB,C-USA,27–7,48.0,Automatic,79.1,68.1,2022,51,13.67,112.4,27,98.8,99,68.9,79,-0.035,256,-0.77,159,102.0,189,102.8,147,-2.46,234,AL,27,7
14.0,UAB,C-USA,19–15,57.0,Automatic,68.1,67.7,2015,135,3.06,104.9,163,101.9,126,64.7,151,0.025,119,0.29,136,103.9,163,103.6,121,3.4,61,AL,19,15
13.0,Chattanooga,Southern,27–7,51.0,Automatic,72.5,65.4,2022,67,11.51,109.0,69,97.5,76,64.7,304,0.007,158,0.46,131,105.1,85,104.7,240,1.74,111,TN,27,7
12.0,Chattanooga,Southern,29–5,47.0,Automatic,74.8,68.1,2016,109,6.5,107.5,126,101.0,104,66.3,260,0.132,4,-3.18,219,104.4,174,107.6,274,-0.04,167,TN,29,5
14.0,Longwood,Big South,26–6,55.0,Automatic,73.1,67.3,2022,145,2.22,105.9,114,103.7,199,66.1,236,0.115,7,-7.31,326,98.7,334,106.0,292,-7.2,334,VA,26,6
15.0,Delaware,Colonial,22–12,59.0,Automatic,72.8,70.6,2022,141,2.64,107.0,94,104.3,213,66.7,204,0.038,101,-1.57,181,102.3,179,103.8,199,-3.75,268,DE,22,12
13.0,Delaware,Colonial,25–9,54.0,Automatic,79.5,75.7,2014,106,5.83,112.0,60,106.2,192,70.4,10,0.064,41,-0.68,163,105.2,146,105.9,199,2.88,80,DE,25,9
16.0,Wright State,Horizon,21–13,65.0,Automatic,75.5,72.3,2022,172,-0.28,106.3,110,106.6,253,68.9,85,0.003,165,-6.76,316,100.2,280,107.0,326,-0.23,162,OH,21,13
14.0,Wright State,Horizon,25–9,57.0,Automatic,70.6,66.4,2018,133,2.89,100.6,249,97.7,51,68.3,176,0.074,27,-3.79,250,102.7,266,106.5,228,2.23,92,OH,25,9
16.0,Bryant,Northeast,22–9,66.0,Automatic,76.6,74.0,2022,189,-1.32,103.8,160,105.1,223,72.6,4,0.112,11,-8.47,346,98.0,345,106.5,307,0.01,156,RI,22,9
1.0,Kansas,Big 12,28–6,3.0,Automatic,78.2,67.3,2022,3,27.49,119.2,6,91.7,17,69.3,65,0.041,88,12.6,1,108.0,20,95.4,1,4.13,49,KS,28,6
3.0,Kansas,Big 12,20–8,12.0,At-Large,72.5,67.4,2021,27,19.98,110.1,54,90.2,12,68.2,174,0.07,44,15.83,24,110.7,25,94.8,29,10.43,60,KS,20,8
4.0,Kansas,Big 12,25–9,13.0,At-Large,75.7,70.1,2019,17,21.57,113.9,27,92.3,17,70.1,66,0.076,26,14.13,1,111.8,1,97.7,8,10.36,4,KS,25,9
1.0,Kansas,Big 12,27–7,3.0,Automatic,81.4,71.9,2018,9,23.49,120.9,5,97.4,47,68.8,144,0.076,23,12.41,2,111.7,3,99.3,3,3.55,70,KS,27,7
1.0,Kansas,Big 12,28–4,2.0,At-Large,83.2,71.9,2017,6,27.45,121.9,5,94.5,24,70.2,72,0.067,32,12.43,8,111.2,10,98.8,8,2.39,80,KS,28,4
1.0,Kansas,Big 12,30–4,1.0,Automatic,80.2,67.5,2016,3,29.67,120.0,10,90.4,3,69.0,123,0.044,75,12.61,3,111.4,8,98.8,4,3.62,66,KS,30,4
2.0,Kansas,Big 12,26–8,8.0,At-Large,71.1,64.8,2015,12,22.72,114.5,27,91.8,9,67.0,56,0.07,33,13.17,1,110.6,3,97.4,1,9.57,8,KS,26,8
2.0,Kansas,Big 12,24–9,7.0,At-Large,79.0,70.1,2014,7,24.6,119.3,6,94.7,22,66.6,83,-0.051,295,12.13,1,112.2,1,100.0,7,9.47,11,KS,24,9
1.0,Kansas,Big 12,29–5,2.0,Automatic,75.2,61.9,2013,8,25.23,112.7,27,87.5,5,66.4,86,0.01,153,7.05,40,106.8,19,99.8,66,2.64,87,KS,29,5
2.0,Kansas,Big 12,27–6,5.0,At-Large,73.9,61.6,2012,4,26.91,114.0,23,87.1,3,66.3,111,0.027,101,11.15,1,108.8,4,97.6,1,5.21,38,KS,27,6
2.0,Auburn,SEC,27–5,5.0,At-Large,78.2,67.2,2022,12,23.2,112.7,25,89.5,9,70.1,42,-0.021,226,8.35,41,106.9,52,98.6,35,3.7,62,AL,27,5
5.0,Auburn,SEC,26–9,18.0,Automatic,79.1,69.2,2019,11,25.0,120.9,6,95.9,36,67.9,155,0.008,162,12.23,11,110.7,3,98.5,20,2.63,96,AL,26,9
4.0,Auburn,SEC,25–7,13.0,At-Large,81.9,73.2,2018,23,18.69,115.4,26,96.7,37,72.6,18,0.034,94,7.52,57,108.8,58,101.3,51,-1.86,211,AL,25,7
3.0,Wisconsin,Big Ten,24–7,9.0,At-Large,69.9,66.0,2022,37,15.34,109.3,62,94.0,34,66.5,215,0.105,15,9.77,21,108.4,12,98.6,37,2.91,85,WI,24,7
9.0,Wisconsin,Big Ten,17–12,35.0,At-Large,69.9,64.6,2021,14,22.4,113.0,29,90.6,15,64.6,328,-0.052,289,18.13,6,112.1,7,93.9,8,1.24,199,WI,17,12
5.0,Wisconsin,Big Ten,23–10,19.0,At-Large,68.6,61.7,2019,16,21.94,110.4,62,88.5,4,63.9,331,-0.018,228,12.97,6,110.3,14,97.3,6,3.14,87,WI,23,10
8.0,Wisconsin,Big Ten,25–9,29.0,At-Large,72.4,62.4,2017,21,22.99,115.1,33,92.1,9,63.4,334,-0.003,193,10.0,29,110.6,22,100.6,38,-1.29,193,WI,25,9
7.0,Wisconsin,Big Ten,20–12,25.0,At-Large,67.8,63.8,2016,38,16.55,110.1,89,93.6,13,63.3,344,-0.022,235,9.57,25,110.3,24,100.7,36,1.24,134,WI,20,12
1.0,Wisconsin,Big Ten,31–3,4.0,Automatic,72.7,57.9,2015,2,33.72,129.0,1,95.2,35,58.7,345,0.015,146,11.03,4,109.8,9,98.8,7,5.3,29,WI,31,3
2.0,Wisconsin,Big Ten,26–7,8.0,At-Large,73.5,64.0,2014,5,25.89,122.0,4,96.1,35,62.4,286,0.019,133,11.44,3,110.2,13,98.8,2,3.33,68,WI,26,7
5.0,Wisconsin,Big Ten,23–11,19.0,At-Large,65.0,55.9,2013,12,22.57,108.3,73,85.7,2,60.4,319,-0.033,268,11.08,4,108.8,1,97.7,12,-3.2,262,WI,23,11
4.0,Wisconsin,Big Ten,24–9,14.0,At-Large,64.0,53.2,2012,8,24.09,113.7,25,89.6,8,57.5,345,-0.018,216,8.8,9,107.6,15,98.8,11,-3.88,262,WI,24,9
4.0,Providence,Big East,25–5,15.0,At-Large,71.5,66.2,2022,32,15.89,111.5,36,95.6,44,65.2,276,0.164,1,7.74,53,106.7,55,99.0,45,0.26,152,RI,25,5
10.0,Providence,Big East,21–13,35.0,At-Large,73.6,72.7,2018,63,12.17,108.9,100,96.7,36,67.1,227,0.074,28,10.58,17,111.6,4,101.1,45,-1.38,193,RI,21,13
11.0,Providence,Big East,20–12,42.0,At-Large,70.3,66.9,2017,60,12.43,108.5,101,96.0,40,66.2,270,0.014,152,7.9,52,109.1,49,101.2,54,-4.48,287,RI,20,12
9.0,Providence,Big East,23–10,33.0,At-Large,73.6,70.1,2016,44,14.49,110.0,92,95.5,28,68.4,150,0.062,42,8.93,36,109.5,39,100.6,32,-3.13,259,RI,23,10
6.0,Providence,Big East,22–11,22.0,At-Large,69.7,65.5,2015,27,16.72,112.6,42,95.9,42,65.2,129,0.038,85,10.26,11,109.7,10,99.4,15,2.18,93,RI,22,11
11.0,Providence,Big East,23–11,43.0,Automatic,73.3,69.8,2014,48,13.81,114.6,30,100.8,94,62.9,264,0.051,69,8.35,31,109.2,35,100.8,32,0.81,139,RI,23,11
5.0,Iowa,Big Ten,26–9,20.0,Automatic,83.2,71.2,2022,13,22.72,120.5,4,97.8,80,69.7,53,-0.061,309,7.31,61,107.1,45,99.8,69,-6.82,326,IA,26,9
2.0,Iowa,Big Ten,21–8,7.0,At-Large,83.7,72.7,2021,7,26.87,123.5,3,96.7,75,69.9,93,-0.027,244,16.41,20,110.4,31,94.0,9,-4.9,285,IA,21,8
10.0,Iowa,Big Ten,22–11,37.0,At-Large,78.3,73.9,2019,37,16.02,117.4,15,101.3,111,69.5,84,0.05,63,10.64,26,108.9,42,98.3,16,-6.49,329,IA,22,11
7.0,Iowa,Big Ten,21–10,27.0,At-Large,77.6,69.3,2016,23,20.24,116.1,25,95.9,30,68.8,131,-0.071,327,9.12,30,110.2,26,101.1,49,1.28,132,IA,21,10
7.0,Iowa,Big Ten,21–11,27.0,At-Large,69.8,62.3,2015,23,19.02,114.2,30,95.1,34,63.7,209,-0.007,203,8.58,25,108.9,21,100.4,38,-1.58,205,IA,21,11
11.0,Iowa,Big Ten,20–12,45.0,At-Large,81.5,70.3,2014,22,20.44,120.2,5,99.8,77,68.6,29,-0.116,347,8.35,32,108.6,55,100.2,10,-6.19,318,IA,20,12
6.0,LSU,SEC,22–11,22.0,At-Large,72.6,63.4,2022,21,18.65,107.3,89,88.7,6,68.6,101,-0.052,298,9.1,26,107.2,44,98.1,21,-1.21,191,LA,22,11
8.0,LSU,SEC,18–9,29.0,At-Large,81.8,75.2,2021,24,20.35,120.1,5,99.8,124,70.6,70,-0.007,201,14.77,35,108.7,66,93.9,7,1.13,202,LA,18,9
3.0,LSU,SEC,26–6,11.0,At-Large,80.4,73.1,2019,19,20.22,117.7,12,97.5,59,70.0,67,0.063,36,10.02,35,109.3,30,99.3,32,2.77,92,LA,26,6
9.0,LSU,SEC,22–10,35.0,At-Large,73.4,67.7,2015,49,13.76,108.9,81,95.1,32,69.3,12,-0.043,283,5.09,74,106.2,83,101.2,60,-4.77,301,LA,22,10
7.0,USC,Pac–12,26–7,25.0,At-Large,72.4,66.0,2022,47,14.14,109.8,54,95.6,45,66.2,231,0.06,57,5.14,81,104.8,90,99.7,67,-4.72,292,CA,26,7
6.0,USC,Pac–12,22–7,21.0,At-Large,74.9,65.1,2021,6,27.58,115.7,14,88.1,6,67.0,235,0.001,171,16.27,21,111.1,19,94.8,28,6.28,111,CA,22,7
11.0,USC,Pac–12,24–9,45.0,At-Large,78.2,73.1,2017,53,13.45,114.2,38,100.7,91,68.7,138,0.079,16,5.49,71,108.8,54,103.3,106,-3.37,255,CA,24,9
8.0,USC,Pac–12,21–12,31.0,At-Large,80.5,74.6,2016,49,14.25,113.9,35,99.7,80,71.0,54,-0.028,251,7.61,53,108.7,57,101.1,46,-1.65,211,CA,21,12
8.0,San Diego State,Mountain West,23–8,31.0,At-Large,65.4,58.1,2022,25,17.07,103.4,167,86.3,2,65.4,268,-0.003,182,5.95,74,105.5,78,99.6,60,2.56,93,CA,23,8
6.0,San Diego State,Mountain West,23–4,24.0,Automatic,73.3,61.9,2021,30,19.88,111.0,45,91.1,21,65.5,307,0.027,114,7.22,103,106.4,97,99.2,117,13.66,31,CA,23,4
11.0,San Diego State,Mountain West,22–10,45.0,Automatic,76.7,68.4,2018,50,14.09,110.5,77,96.4,30,68.8,142,-0.032,265,3.46,86,107.2,80,103.8,96,-0.8,177,CA,22,10
8.0,San Diego State,Mountain West,26–8,32.0,At-Large,61.5,54.0,2015,31,15.95,104.9,162,89.0,5,60.4,333,0.026,118,3.63,85,106.1,86,102.5,96,3.5,57,CA,26,8
4.0,San Diego State,Mountain West,29–4,16.0,At-Large,68.2,58.1,2014,23,20.38,110.4,86,90.0,7,62.3,294,0.067,37,5.18,79,108.0,68,102.8,96,2.71,86,CA,29,4
6.0,San Diego State,Mountain West,26–7,24.0,At-Large,70.0,64.7,2012,66,11.16,107.0,95,95.8,44,65.8,130,0.059,39,3.33,94,104.8,84,101.5,109,-3.76,259,CA,26,7
9.0,Creighton,Big East,22–11,33.0,At-Large,69.2,66.4,2022,50,13.78,105.9,112,92.2,19,67.2,178,0.086,28,9.11,25,107.5,34,98.4,27,-0.67,178,NE,22,11
5.0,Creighton,Big East,20–8,17.0,At-Large,76.0,68.2,2021,22,20.59,113.4,25,92.8,32,68.7,144,0.017,137,13.19,55,108.8,63,95.6,49,-0.73,230,NE,20,8
8.0,Creighton,Big East,21–11,30.0,At-Large,83.2,74.9,2018,30,16.91,115.5,25,98.6,58,70.8,57,-0.028,259,9.4,33,110.8,21,101.4,54,-4.2,292,NE,21,11
6.0,Creighton,Big East,25–9,24.0,At-Large,81.3,72.9,2017,28,18.83,115.3,32,96.5,46,71.2,45,0.004,181,8.97,39,110.3,27,101.3,57,-1.24,192,NE,25,9
3.0,Creighton,Big East,26–7,11.0,At-Large,78.7,67.9,2014,17,21.72,124.2,2,102.5,124,63.6,237,0.024,128,7.5,48,108.5,58,101.0,35,1.31,122,NE,26,7
7.0,Creighton,Missouri Valley,27–7,25.0,Automatic,74.4,63.2,2013,15,21.75,118.3,5,96.5,66,63.8,211,-0.009,208,5.73,67,105.5,74,99.7,65,1.63,113,NE,27,7
8.0,Creighton,Missouri Valley,28–5,29.0,Automatic,79.2,69.7,2012,28,16.47,119.2,5,102.7,166,65.9,125,0.079,20,3.79,84,104.9,79,101.1,87,-0.47,173,NE,28,5
10.0,Miami (FL),ACC,23–10,38.0,At-Large,73.9,70.4,2022,41,14.8,113.9,19,99.1,107,67.7,134,0.088,27,8.63,35,107.5,35,98.8,42,0.38,144,FL,23,10
6.0,Miami (FL),ACC,22–9,22.0,At-Large,73.8,67.9,2018,37,15.43,112.9,53,97.4,48,67.0,233,0.017,128,8.08,52,109.1,52,101.0,42,-3.82,284,FL,22,9
8.0,Miami (FL),ACC,21–11,30.0,At-Large,69.0,64.1,2017,42,15.03,109.9,76,94.9,25,63.0,339,0.031,98,9.39,32,110.7,18,101.3,58,-4.48,286,FL,21,11
3.0,Miami (FL),ACC,25–7,10.0,At-Large,75.2,67.4,2016,15,22.44,119.4,11,96.9,42,65.9,284,0.077,33,11.67,6,111.6,5,99.9,11,2.63,90,FL,25,7
2.0,Miami (FL),ACC,27–6,5.0,Automatic,69.7,60.6,2013,13,22.37,113.6,22,91.3,18,61.9,281,0.028,108,8.41,20,107.7,9,99.3,54,4.96,42,FL,27,6
11.0,Iowa State,Big 12,20–12,41.0,At-Large,65.6,62.5,2022,43,14.63,103.1,171,88.5,5,66.3,226,0.049,74,11.25,11,108.1,16,96.9,11,-6.84,327,IA,20,12
6.0,Iowa State,Big 12,23–11,24.0,Automatic,76.9,68.1,2019,15,22.09,118.9,9,96.8,47,67.7,171,-0.063,316,10.78,23,109.3,29,98.5,21,-1.56,206,IA,23,11
5.0,Iowa State,Big 12,23–10,20.0,Automatic,80.8,72.3,2017,17,23.45,119.7,11,96.3,42,68.4,170,-0.019,234,14.05,3,112.6,2,98.6,5,-0.74,175,IA,23,10
4.0,Iowa State,Big 12,21–11,16.0,At-Large,81.8,75.0,2016,20,20.95,121.2,7,100.3,91,71.2,49,-0.062,318,12.05,5,110.2,28,98.1,1,2.54,92,IA,21,11
3.0,Iowa State,Big 12,25–8,9.0,Automatic,77.8,69.0,2015,16,21.49,119.0,12,97.5,59,69.6,10,0.005,173,10.59,6,109.0,18,98.5,4,-1.18,192,IA,25,8
3.0,Iowa State,Big 12,26–7,12.0,Automatic,83.0,74.4,2014,20,21.07,118.9,9,97.8,55,70.2,12,0.064,42,10.77,4,111.1,2,100.4,12,1.44,117,IA,26,7
10.0,Iowa State,Big 12,22–11,39.0,At-Large,79.4,71.0,2013,30,17.63,117.5,8,99.8,123,68.3,30,-0.046,288,6.74,50,105.5,71,98.7,40,-3.12,258,IA,22,11
8.0,Iowa State,Big 12,22–10,30.0,At-Large,73.2,67.2,2012,26,16.69,113.9,24,97.2,66,65.8,128,-0.004,184,7.22,32,107.0,30,99.8,39,-4.08,271,IA,22,10
12.0,Richmond,Atlantic 10,23–12,49.0,Automatic,71.0,68.4,2022,85,9.45,108.1,79,98.7,94,66.8,197,0.061,55,5.07,83,105.5,80,100.5,90,2.42,94,VA,23,12
13.0,South Dakota State,Summit,30–4,52.0,Automatic,84.7,74.3,2022,81,10.58,115.4,14,104.8,217,69.4,61,0.054,67,-4.16,249,102.9,158,107.1,332,3.6,66,SD,30,4
12.0,South Dakota State,Summit,28–6,49.0,Automatic,83.0,75.8,2018,78,10.2,113.8,47,103.6,150,70.5,61,0.097,13,-0.09,141,105.8,113,105.9,188,3.59,68,SD,28,6
16.0,South Dakota State,Summit,18–16,64.0,Automatic,76.2,77.8,2017,185,-1.19,110.2,71,111.4,303,67.2,222,0.029,101,-0.59,145,104.9,137,105.5,171,1.66,111,SD,18,16
12.0,South Dakota State,Summit,26–7,50.0,Automatic,75.8,69.1,2016,80,9.57,111.4,66,101.8,117,68.3,157,0.004,168,-0.23,155,104.6,168,104.8,146,1.91,113,SD,26,7
13.0,South Dakota State,Summit,25–9,53.0,Automatic,72.1,66.5,2013,96,6.79,112.0,33,105.2,223,62.6,261,0.03,103,-3.31,231,102.0,174,105.3,280,4.11,59,SD,25,9
14.0,South Dakota State,Summit,27–7,56.0,Automatic,75.9,66.7,2012,61,11.62,113.7,26,102.1,152,64.8,182,0.03,93,-1.92,198,103.2,152,105.1,259,2.04,97,SD,27,7
14.0,Colgate,Patriot,23–11,57.0,Automatic,75.0,67.6,2022,117,4.41,108.2,78,103.8,201,67.2,177,-0.076,329,-7.4,327,99.3,317,106.7,316,2.1,101,NY,23,11
14.0,Colgate,Patriot,14–1,57.0,Automatic,85.2,69.6,2021,89,9.25,110.3,53,101.0,148,72.2,26,0.048,74,-5.8,305,99.6,282,105.4,316,-99.0,331,NY,14,1
15.0,Colgate,Patriot,24–10,60.0,Automatic,75.4,70.3,2019,126,4.6,110.5,60,105.9,201,66.4,237,0.012,148,-3.83,250,102.4,254,106.3,223,0.84,131,NY,24,10
15.0,Jacksonville State,Atlantic Sun,21–10,61.0,Automatic,70.7,67.1,2022,148,1.97,105.1,134,103.2,184,65.1,283,-0.005,189,-4.68,261,100.6,256,105.3,261,-0.23,161,AL,21,10
15.0,Jacksonville State,Ohio Valley,20–14,61.0,Automatic,64.0,67.9,2017,157,0.63,105.8,147,105.2,186,63.6,329,0.028,107,-1.68,183,104.2,167,105.9,197,0.61,134,AL,20,14
16.0,Texas Southern,SWAC,18–12,67.0,Automatic,69.0,66.1,2022,187,-1.28,97.6,274,98.9,102,68.2,113,0.022,131,-6.25,305,98.7,333,105.0,249,10.0,11,TX,18,12
16.0,Texas Southern,SWAC,16–8,66.0,Automatic,72.7,69.8,2021,208,-4.37,99.8,221,104.2,212,71.5,45,0.059,54,-7.73,331,95.5,341,103.2,230,14.62,27,TX,16,8
16.0,Texas Southern,SWAC,15–19,68.0,Automatic,77.4,79.4,2018,243,-6.65,104.6,180,111.2,299,71.7,31,-0.01,206,-6.3,304,101.0,318,107.3,271,17.2,1,TX,15,19
16.0,Texas Southern,SWAC,23–11,63.0,Automatic,74.1,72.7,2017,212,-4.04,103.5,189,107.5,228,68.6,146,0.125,2,-8.49,330,100.2,327,108.7,331,12.68,3,TX,23,11
15.0,Texas Southern,SWAC,22–12,61.0,Automatic,68.3,70.6,2015,213,-3.84,104.1,177,107.9,241,63.3,240,0.128,1,-6.74,323,100.0,333,106.8,263,15.16,2,TX,22,12
16.0,Texas Southern,SWAC,19–14,67.0,Automatic,74.9,73.2,2014,259,-7.49,106.7,142,114.1,326,65.7,120,-0.004,196,-11.11,349,97.6,350,108.8,300,2.72,85,TX,19,14
16.0,Texas A&M–Corpus Christi,Southland,23–11,68.0,Automatic,73.5,71.2,2022,245,-6.55,96.6,291,103.2,185,69.4,63,0.028,119,-10.92,358,98.3,341,109.2,358,-9.14,349,TX,23,11
4.0,Virginia,ACC,18–6,16.0,At-Large,68.2,60.5,2021,19,21.42,114.7,17,93.3,36,59.9,357,0.025,118,12.05,69,109.8,40,97.8,96,0.24,211,VA,18,6
1.0,Virginia,ACC,29–3,2.0,At-Large,71.4,56.1,2019,1,34.22,123.4,2,89.2,5,59.4,353,0.05,62,11.18,22,109.2,34,98.1,14,-3.24,255,VA,29,3
1.0,Virginia,ACC,31–2,1.0,Automatic,67.1,54.0,2018,2,29.53,115.2,30,85.6,1,59.4,351,0.048,66,9.24,37,110.0,33,100.7,33,-0.08,158,VA,31,2
5.0,Virginia,ACC,22–10,17.0,At-Large,66.1,56.4,2017,12,24.29,112.2,50,88.0,2,59.2,351,-0.03,258,11.68,10,111.5,8,99.8,22,2.29,82,VA,22,10
1.0,Virginia,ACC,26–7,3.0,At-Large,71.0,60.1,2016,4,29.64,120.6,8,91.0,7,61.3,348,-0.04,278,12.67,2,112.1,2,99.5,6,4.98,38,VA,26,7
2.0,Virginia,ACC,29–3,5.0,At-Large,65.4,51.5,2015,6,30.06,115.6,21,85.5,2,58.0,349,0.023,128,8.21,32,108.5,31,100.3,37,0.46,142,VA,29,3
1.0,Virginia,ACC,28–6,4.0,Automatic,66.2,55.7,2014,4,26.46,114.8,27,88.3,4,59.5,345,0.012,154,8.67,28,109.4,31,100.8,27,1.57,114,VA,28,6
10.0,Virginia,ACC,22–9,39.0,At-Large,62.5,54.2,2012,33,15.85,105.2,133,89.3,5,59.3,339,-0.024,237,4.05,76,105.0,75,101.0,82,-5.7,308,VA,22,9
7.0,Oregon,Pac–12,20–6,25.0,At-Large,74.9,68.4,2021,16,21.85,117.2,10,95.4,55,67.2,226,0.049,72,15.2,30,110.6,26,95.4,43,3.72,160,OR,20,6
12.0,Oregon,Pac–12,23–12,48.0,Automatic,70.0,62.2,2019,28,17.86,109.5,74,91.7,13,64.2,328,-0.048,292,5.47,66,107.7,59,102.3,78,0.43,145,OR,23,12
3.0,Oregon,Pac–12,29–5,9.0,At-Large,78.5,66.1,2017,10,25.02,118.2,17,93.2,17,67.0,234,0.034,88,8.05,50,109.2,47,101.2,51,0.51,137,OR,29,5
1.0,Oregon,Pac–12,28–6,4.0,Automatic,78.4,69.0,2016,12,22.68,119.1,13,96.4,37,68.1,167,0.041,81,9.06,33,109.0,47,100.0,13,1.04,139,OR,28,6
8.0,Oregon,Pac–12,25–9,30.0,At-Large,74.8,71.1,2015,45,13.88,115.2,23,101.3,114,66.6,68,0.119,5,7.28,46,108.4,32,101.1,53,-2.34,227,OR,25,9
7.0,Oregon,Pac–12,23–9,27.0,At-Large,81.9,74.1,2014,28,19.02,118.9,8,99.9,79,67.5,50,-0.037,262,7.39,50,109.1,37,101.8,62,-1.18,197,OR,23,9
12.0,Oregon,Pac–12,26–8,43.0,Automatic,71.6,63.6,2013,35,16.78,106.6,105,89.8,11,67.9,37,0.052,47,5.92,62,105.1,84,99.2,50,-8.08,332,OR,26,8
8.0,Oklahoma,Big 12,15–10,32.0,At-Large,74.5,69.9,2021,39,17.06,112.1,35,95.1,51,67.1,228,-0.025,238,14.29,43,109.5,47,95.2,34,1.93,192,OK,15,10
9.0,Oklahoma,Big 12,19–13,36.0,At-Large,71.3,68.2,2019,32,16.94,111.1,57,94.1,23,68.6,123,0.023,119,13.27,3,110.3,11,97.1,2,7.44,12,OK,19,13
10.0,Oklahoma,Big 12,18–13,40.0,At-Large,84.9,81.7,2018,48,14.16,114.6,37,100.5,85,75.5,4,-0.008,198,11.68,5,111.3,11,99.6,6,2.13,96,OK,18,13
2.0,Oklahoma,Big 12,25–7,6.0,At-Large,79.7,71.1,2016,10,23.78,117.9,16,94.1,17,69.8,88,0.082,29,13.05,1,111.5,6,98.5,3,2.7,87,OK,25,7
3.0,Oklahoma,Big 12,22–10,11.0,At-Large,71.5,62.7,2015,11,22.8,112.5,46,89.7,7,66.7,63,-0.045,285,11.0,5,110.2,8,99.2,9,1.05,123,OK,22,10
5.0,Oklahoma,Big 12,23–9,20.0,At-Large,81.9,76.0,2014,30,17.9,117.9,16,100.0,82,69.6,17,-0.022,232,9.13,20,110.2,16,101.0,38,0.5,147,OK,23,9
10.0,Oklahoma,Big 12,20–11,40.0,At-Large,70.6,66.3,2013,51,13.8,111.1,41,97.3,80,65.2,141,0.004,166,7.8,27,106.4,30,98.6,31,2.47,91,OK,20,11
9.0,Missouri,SEC,16–9,33.0,At-Large,73.4,71.9,2021,47,15.14,110.6,49,95.5,57,68.4,163,0.07,43,15.85,23,110.2,33,94.4,17,11.39,50,MO,16,9
8.0,Missouri,SEC,20–12,32.0,At-Large,72.9,68.3,2018,40,14.83,111.9,58,97.0,43,65.7,296,-0.025,249,9.55,32,109.8,41,100.2,19,1.07,132,MO,20,12
9.0,Missouri,SEC,23–10,33.0,At-Large,76.1,66.7,2013,25,18.53,114.9,15,96.4,63,66.3,93,-0.032,263,5.62,70,105.1,83,99.5,59,-2.02,225,MO,23,10
2.0,Missouri,Big 12,30–4,8.0,Automatic,80.4,66.3,2012,7,25.28,125.1,1,99.8,111,65.4,152,0.017,130,5.8,51,105.7,60,99.9,44,-6.18,315,MO,30,4
10.0,VCU,Atlantic 10,19–7,38.0,At-Large,71.7,65.2,2021,48,15.04,105.2,122,90.2,14,69.6,107,0.035,97,8.57,97,106.5,93,98.0,99,5.66,124,VA,19,7
8.0,VCU,Atlantic 10,25–7,29.0,At-Large,71.0,61.9,2019,42,14.89,104.3,177,89.5,7,68.4,136,0.007,164,1.37,105,105.2,120,103.8,123,3.6,67,VA,25,7
10.0,VCU,Atlantic 10,26–8,40.0,At-Large,74.7,66.9,2017,48,14.07,110.1,72,96.0,41,68.8,134,0.026,113,3.65,81,105.8,93,102.2,73,0.91,128,VA,26,8
10.0,VCU,Atlantic 10,24–10,40.0,At-Large,77.3,67.8,2016,31,17.07,112.1,58,95.0,24,69.6,96,-0.07,326,3.82,87,107.3,76,103.5,111,0.95,142,VA,24,10
7.0,VCU,Atlantic 10,26–9,28.0,Automatic,72.5,65.8,2015,30,16.27,111.1,58,94.9,26,66.5,70,0.043,75,6.65,57,107.9,50,101.2,63,8.77,12,VA,26,9
5.0,VCU,Atlantic 10,26–8,19.0,At-Large,75.0,65.2,2014,25,19.8,109.2,106,89.4,6,68.9,22,-0.058,308,5.45,77,107.4,88,102.0,66,1.33,118,VA,26,8
5.0,VCU,Atlantic 10,26–8,20.0,At-Large,76.9,64.5,2013,18,20.28,114.0,20,93.7,36,66.4,91,0.002,171,5.09,76,105.8,56,100.7,97,-0.22,161,VA,26,8
12.0,VCU,Colonial,28–6,49.0,Automatic,68.0,59.8,2012,46,13.45,106.9,96,93.5,23,65.0,173,0.024,109,0.53,143,101.9,213,101.4,105,1.9,99,VA,28,6
11.0,Wichita State,American,16–5,45.0,At-Large,70.9,68.5,2021,68,12.3,109.5,61,97.2,84,67.0,234,0.089,23,10.47,81,106.4,96,96.0,57,13.71,30,KS,16,5
4.0,Wichita State,American,25–7,14.0,At-Large,82.8,71.6,2018,21,19.03,121.0,4,101.9,111,68.6,162,-0.026,254,5.13,73,107.3,79,102.2,70,1.55,114,KS,25,7
10.0,Wichita State,Missouri Valley,30–4,38.0,Automatic,80.8,62.5,2017,8,26.14,118.7,13,92.6,13,68.0,191,-0.021,238,1.5,102,105.0,130,103.5,110,-0.32,161,KS,30,4
11.0,Wichita State,Missouri Valley,24–8,43.0,At-Large,72.3,59.2,2016,13,22.53,111.3,67,88.7,1,66.0,276,-0.079,333,3.61,88,104.8,154,101.2,51,6.45,24,KS,24,8
7.0,Wichita State,Missouri Valley,28–4,26.0,At-Large,69.3,57.4,2015,13,22.21,115.8,19,93.6,15,62.3,279,0.022,131,3.24,91,105.5,103,102.3,90,3.44,58,KS,28,4
1.0,Wichita State,Missouri Valley,34–0,3.0,Automatic,74.7,59.7,2014,6,25.36,117.8,17,92.4,11,63.5,243,-0.009,205,1.04,125,105.8,119,104.8,144,2.89,79,KS,34,0
5.0,Wichita State,Missouri Valley,27–5,19.0,At-Large,76.3,62.7,2012,11,22.36,116.1,11,93.8,26,65.7,134,-0.017,213,3.97,78,105.1,73,101.2,92,3.5,71,KS,27,5
11.0,Drake,Missouri Valley,25–4,48.0,At-Large,74.7,64.8,2021,55,14.27,112.5,33,98.2,101,66.3,271,0.102,17,3.98,137,104.1,155,100.1,137,-8.21,309,IA,25,4
12.0,UC Santa Barbara,Big West,22–4,50.0,Automatic,73.4,63.6,2021,58,13.63,109.9,56,96.2,69,65.6,301,0.03,108,1.8,168,102.8,187,101.0,145,4.03,151,CA,22,4
13.0,Ohio,MAC,16–7,51.0,Automatic,78.7,72.6,2021,81,10.47,111.4,40,100.9,145,69.2,123,0.031,104,5.23,126,106.1,99,100.9,142,1.2,200,OH,16,7
13.0,Ohio,MAC,27–7,52.0,Automatic,69.7,62.7,2012,57,11.88,106.6,102,94.7,32,66.0,121,0.022,116,0.8,139,103.6,135,102.8,157,-2.97,242,OH,27,7
14.0,Eastern Washington,Big Sky,16–7,58.0,Automatic,78.2,71.0,2021,105,8.19,109.5,62,101.3,156,72.2,27,-0.085,323,-0.43,195,102.0,212,102.4,195,21.28,5,WA,16,7
13.0,Eastern Washington,Big Sky,26–8,53.0,Automatic,79.2,74.6,2015,133,3.25,112.9,39,109.6,283,68.2,24,0.067,40,-3.75,241,104.2,148,108.0,317,3.94,48,WA,26,8
15.0,Grand Canyon,WAC,17–6,59.0,Automatic,69.5,72.2,2021,103,8.32,105.4,121,97.1,81,64.9,319,-0.061,299,-1.44,211,102.0,211,103.5,238,2.54,177,AZ,17,6
16.0,Appalachian State,Sun Belt,17–11,68.0,Automatic,67.6,67.7,2021,212,-4.71,98.4,245,103.1,191,65.5,310,0.039,86,-2.83,243,100.4,254,103.3,231,5.52,129,NC,17,11
4.0,Florida State,ACC,16–6,13.0,At-Large,77.2,69.2,2021,15,22.12,114.9,16,92.8,33,69.9,90,0.002,167,13.48,50,109.5,46,96.0,60,4.42,145,FL,16,6
4.0,Florida State,ACC,27–7,14.0,At-Large,74.9,67.2,2019,14,22.39,112.8,36,90.4,10,68.6,121,0.046,70,10.46,30,109.8,20,99.3,33,0.93,128,FL,27,7
9.0,Florida State,ACC,20–11,38.0,At-Large,80.2,72.9,2018,27,17.77,114.3,43,96.5,33,71.2,45,-0.029,261,9.27,36,109.6,45,100.3,20,-6.91,330,FL,20,11
3.0,Florida State,ACC,25–8,10.0,At-Large,82.1,72.1,2017,26,20.06,115.5,31,95.5,31,71.3,41,0.039,78,8.82,40,110.6,19,101.8,68,-3.95,272,FL,25,8
3.0,Florida State,ACC,24–9,11.0,Automatic,69.8,62.9,2012,24,17.14,107.6,89,90.4,10,66.6,95,0.034,80,7.54,29,106.9,33,99.4,26,0.82,132,FL,24,9
5.0,Colorado,Pac–12,22–8,20.0,At-Large,73.1,63.8,2021,8,25.1,116.3,13,91.2,23,66.1,276,-0.025,237,15.43,28,110.3,32,94.9,31,3.82,157,CO,22,8
8.0,Colorado,Pac–12,22–11,30.0,At-Large,75.2,70.8,2016,57,12.91,108.8,100,95.9,31,69.0,120,0.015,136,7.51,54,109.5,37,102.0,74,-2.15,227,CO,22,11
8.0,Colorado,Pac–12,23–11,32.0,At-Large,70.2,68.2,2014,67,11.2,107.7,129,96.5,42,64.8,167,0.12,3,8.74,26,109.5,27,100.8,26,1.71,110,CO,23,11
10.0,Colorado,Pac–12,21–11,36.0,At-Large,67.6,63.6,2013,45,14.62,106.5,109,91.9,23,63.7,215,0.029,104,9.15,15,107.3,13,98.1,18,3.8,67,CO,21,11
11.0,Colorado,Pac–12,23–11,44.0,Automatic,66.2,64.1,2012,81,8.89,104.8,137,95.9,46,65.1,170,0.081,19,5.35,59,105.7,57,100.4,58,0.06,154,CO,23,11
6.0,BYU,West Coast,20–6,23.0,At-Large,77.0,69.0,2021,20,21.12,113.7,23,92.5,30,67.6,206,0.037,91,12.31,65,109.1,57,96.8,76,10.05,65,UT,20,6
11.0,BYU,West Coast,25–9,44.0,At-Large,82.1,73.6,2015,28,16.69,119.4,10,102.7,139,70.4,5,-0.055,307,3.96,83,107.0,74,103.0,105,3.78,51,UT,25,9
10.0,BYU,West Coast,23–11,39.0,At-Large,83.7,77.8,2014,49,13.77,114.5,31,100.7,93,70.8,6,-0.004,194,6.59,60,109.6,26,103.0,98,8.43,17,UT,23,11
14.0,BYU,West Coast,25–8,48.0,At-Large,78.0,68.3,2012,50,12.79,106.3,111,93.5,21,72.6,5,0.02,123,1.31,125,105.1,72,103.8,188,0.38,145,UT,25,8
9.0,St. Bonaventure,Atlantic 10,16–4,39.0,Automatic,70.0,61.1,2021,32,19.04,110.0,55,91.0,20,64.8,320,0.016,140,8.53,98,106.6,92,98.0,103,2.44,180,NY,16,4
11.0,St. Bonaventure,Atlantic 10,25–7,42.0,At-Large,77.1,70.8,2018,68,11.21,110.8,74,99.5,74,69.4,104,0.078,21,2.8,94,107.0,86,104.2,111,1.17,127,NY,25,7
14.0,St. Bonaventure,Atlantic 10,20–11,58.0,Automatic,70.4,65.0,2012,60,11.78,110.6,53,98.9,93,63.0,269,-0.024,235,3.83,83,104.9,83,101.1,84,0.1,150,NY,20,11
10.0,Maryland,Big Ten,16–13,36.0,At-Large,67.8,65.9,2021,35,17.63,111.8,37,94.1,42,64.7,321,-0.024,234,17.1,13,110.2,34,93.1,2,-1.11,236,MD,16,13
6.0,Maryland,Big Ten,22–10,22.0,At-Large,71.4,65.5,2019,24,19.29,113.4,31,94.1,21,66.0,264,-0.004,189,10.75,24,109.8,18,99.1,30,-4.92,299,MD,22,10
6.0,Maryland,Big Ten,24–8,23.0,At-Large,73.3,68.8,2017,46,14.34,113.1,41,98.7,64,67.2,219,0.061,39,7.74,54,108.3,62,100.6,40,-1.1,188,MD,24,8
5.0,Maryland,Big Ten,25–8,19.0,At-Large,75.2,66.8,2016,22,20.25,116.2,24,95.9,32,67.4,213,0.016,129,8.6,39,109.2,45,100.6,30,-1.86,218,MD,25,8
4.0,Maryland,Big Ten,27–6,14.0,At-Large,69.1,63.4,2015,33,15.68,111.3,56,95.7,41,63.9,199,0.127,2,7.15,48,108.3,37,101.1,57,-3.33,258,MD,27,6
12.0,Georgetown,Big East,13–12,47.0,Automatic,71.4,71.7,2021,63,12.91,107.9,87,95.0,49,69.7,101,0.008,154,14.96,32,110.6,27,95.6,48,4.64,142,DC,13,12
4.0,Georgetown,Big East,21–10,16.0,At-Large,70.9,65.2,2015,22,19.13,114.3,29,95.1,33,64.0,192,0.0,183,10.23,12,110.5,5,100.3,33,3.24,63,DC,21,10
2.0,Georgetown,Big East,25–6,7.0,At-Large,64.7,56.4,2013,16,21.24,107.6,80,86.4,4,61.2,300,0.038,82,7.42,33,106.3,34,98.9,43,-6.15,312,DC,25,6
3.0,Georgetown,Big East,23–8,12.0,At-Large,68.4,59.3,2012,15,21.05,111.2,45,90.1,9,62.1,294,-0.014,202,8.32,18,107.3,22,99.0,18,-1.04,188,DC,23,8
13.0,UNC Greensboro,Southern,21–8,54.0,Automatic,73.0,67.3,2021,108,7.79,103.6,146,95.8,62,68.0,183,0.003,166,1.48,171,103.8,163,102.3,190,-2.78,257,NC,21,8
13.0,UNC Greensboro,Southern,27–7,52.0,Automatic,71.9,63.5,2018,82,9.22,104.9,174,95.7,26,65.2,317,-0.024,244,-4.57,280,103.7,210,108.2,315,-3.46,272,NC,27,7
14.0,Abilene Christian,Southland,23–4,55.0,Automatic,74.2,61.6,2021,84,10.11,101.7,184,91.6,26,69.3,115,0.009,150,-5.43,298,99.4,287,104.8,300,4.93,137,TX,23,4
15.0,Abilene Christian,Southland,27–6,62.0,Automatic,70.8,65.4,2019,152,1.35,103.4,196,102.0,121,66.1,256,0.123,5,-8.67,341,100.0,326,108.7,336,-4.75,295,TX,27,6
15.0,Iona,MAAC,12–5,62.0,Automatic,71.3,66.1,2021,178,-0.78,100.2,217,101.0,146,67.7,199,0.03,107,-5.67,303,98.3,312,103.9,260,-0.54,225,NY,12,5
16.0,Iona,MAAC,17–15,64.0,Automatic,76.7,76.0,2019,198,-2.88,106.9,129,109.7,276,70.6,51,-0.024,245,-6.27,290,100.5,314,106.8,251,0.44,144,NY,17,15
15.0,Iona,MAAC,20–13,62.0,Automatic,79.5,76.5,2018,137,2.63,110.0,80,107.3,218,70.7,58,-0.008,196,-2.12,195,103.1,240,105.2,151,2.14,95,NY,20,13
14.0,Iona,MAAC,22–12,58.0,Automatic,80.4,76.8,2017,117,4.2,110.8,67,106.6,211,70.6,60,0.013,158,-1.94,191,103.7,193,105.7,179,-0.05,157,NY,22,12
13.0,Iona,MAAC,22–10,54.0,Automatic,79.6,74.3,2016,104,7.13,110.5,84,103.4,145,71.9,33,-0.005,190,-1.78,194,103.7,207,105.5,174,5.71,29,NY,22,10
15.0,Iona,MAAC,20–13,61.0,Automatic,80.4,76.3,2013,89,7.45,114.4,18,106.9,256,69.7,10,-0.07,317,0.94,129,102.4,159,101.4,111,4.09,61,NY,20,13
14.0,Iona,MAAC,25–7,50.0,At-Large,82.9,72.7,2012,54,12.26,115.5,15,103.2,181,70.0,17,-0.011,197,-1.04,178,102.6,177,103.7,181,4.87,42,NY,25,7
16.0,Mount St. Mary's,Northeast,12–10,65.0,Automatic,63.2,62.2,2021,237,-6.62,94.5,301,101.1,150,61.6,356,-0.004,191,-6.45,317,99.4,285,105.9,329,11.14,53,MD,12,10
16.0,Mount St. Mary's,Northeast,19–15,68.0,Automatic,67.9,68.7,2017,209,-3.86,99.5,269,103.4,151,66.8,245,0.074,20,-4.49,266,102.0,277,106.5,236,11.52,6,MD,19,15
16.0,Mount St. Mary's,Northeast,16–16,65.0,Automatic,75.9,77.8,2014,209,-3.96,107.8,127,111.7,292,68.2,39,0.031,110,-4.27,245,102.7,272,107.0,242,3.09,75,MD,16,16
7.0,Florida,SEC,14–9,28.0,At-Large,74.2,70.3,2021,41,16.95,111.0,44,94.1,41,68.3,167,-0.004,188,14.72,36,109.9,36,95.2,35,8.88,76,FL,14,9
10.0,Florida,SEC,19–15,40.0,At-Large,67.8,63.6,2019,26,18.3,110.5,61,92.2,16,62.9,344,-0.063,315,12.0,14,110.7,6,98.7,23,5.12,39,FL,19,15
6.0,Florida,SEC,20–12,21.0,At-Large,75.8,69.2,2018,22,18.96,114.5,41,95.5,24,67.1,226,-0.059,310,10.74,13,110.2,31,99.5,4,4.57,46,FL,20,12
4.0,Florida,SEC,24–8,14.0,At-Large,77.9,66.5,2017,5,27.5,116.9,25,89.5,5,69.0,117,-0.041,286,12.46,7,110.3,28,97.8,2,8.19,15,FL,24,8
1.0,Florida,SEC,32–2,1.0,Automatic,69.9,57.8,2014,3,28.57,116.5,19,88.0,3,61.3,318,0.053,68,9.02,22,109.4,32,100.4,14,2.39,94,FL,32,2
3.0,Florida,SEC,26–7,10.0,At-Large,71.4,54.4,2013,2,31.18,117.2,9,86.0,3,61.9,280,-0.089,332,7.0,41,105.6,63,98.6,36,4.09,62,FL,26,7
7.0,Florida,SEC,23–10,28.0,At-Large,75.9,65.0,2012,10,22.47,120.4,3,98.0,80,64.2,210,-0.043,270,7.18,34,105.4,65,98.2,3,-1.67,204,FL,23,10
11.0,Utah State,Mountain West,20–8,42.0,At-Large,72.0,62.3,2021,46,15.34,104.8,126,89.5,8,68.6,149,-0.037,262,5.64,120,105.4,118,99.7,130,8.2,86,UT,20,8
8.0,Utah State,Mountain West,28–6,32.0,Automatic,78.5,67.4,2019,38,15.41,112.6,39,97.2,52,68.1,145,0.012,149,0.02,139,104.5,147,104.4,158,0.81,135,UT,28,6
12.0,Winthrop,Big South,23–1,49.0,Automatic,78.9,67.0,2021,101,8.48,105.0,124,96.5,71,73.1,14,0.036,96,-5.62,302,99.6,281,105.2,311,4.18,149,SC,23,1
13.0,Winthrop,Big South,26–6,54.0,Automatic,78.8,71.4,2017,113,4.53,106.1,144,101.6,103,71.1,47,0.029,104,-7.13,320,100.7,316,107.8,305,1.93,97,SC,26,6
13.0,North Texas,C-USA,17–9,52.0,Automatic,68.3,61.7,2021,72,11.76,106.7,101,95.0,48,62.7,350,-0.018,222,6.35,109,105.0,126,98.6,111,6.16,113,TX,17,9
15.0,Oral Roberts,Summit,16–10,61.0,Automatic,78.9,77.2,2021,125,4.83,109.3,66,104.4,219,71.4,46,0.023,125,4.09,135,105.2,120,101.1,149,22.06,4,OK,16,10
16.0,Hartford,America East,15–8,64.0,Automatic,65.4,63.9,2021,194,-2.98,97.0,271,100.0,127,66.9,243,0.081,30,-5.09,291,99.2,289,104.3,275,-0.17,217,CT,15,8
3.0,West Virginia,Big 12,18–9,10.0,At-Large,77.3,72.0,2021,23,20.51,116.8,12,96.3,70,69.2,122,-0.056,294,15.18,31,109.6,45,94.4,20,13.77,29,WV,18,9
5.0,West Virginia,Big 12,24–10,18.0,At-Large,80.1,69.6,2018,12,22.44,119.4,10,96.9,41,69.2,120,-0.014,214,10.59,16,109.9,38,99.3,2,-4.72,299,WV,24,10
4.0,West Virginia,Big 12,26–8,15.0,At-Large,81.5,66.7,2017,7,27.17,116.5,26,89.4,4,69.9,84,-0.043,289,10.84,21,110.1,34,99.2,12,-7.97,340,WV,26,8
3.0,West Virginia,Big 12,26–8,9.0,At-Large,78.5,66.7,2016,8,24.45,115.3,27,90.9,6,69.5,104,0.003,171,11.24,9,110.9,11,99.6,7,0.72,149,WV,26,8
5.0,West Virginia,Big 12,23–9,19.0,At-Large,72.6,66.8,2015,25,17.64,112.6,43,94.9,29,67.9,28,0.087,15,9.56,19,108.9,24,99.3,13,-2.65,243,WV,23,9
10.0,West Virginia,Big East,19–13,38.0,At-Large,71.1,66.5,2012,44,13.56,111.4,41,97.9,77,64.0,226,-0.019,221,8.32,17,107.3,24,99.0,17,2.04,96,WV,19,13
4.0,Oklahoma State,Big 12,20–8,15.0,At-Large,76.6,72.7,2021,33,18.95,109.6,60,90.7,17,72.4,24,0.038,90,15.52,27,111.1,18,95.6,47,5.81,121,OK,20,8
10.0,Oklahoma State,Big 12,20–12,37.0,At-Large,85.2,78.3,2017,22,22.48,126.0,1,103.5,155,70.4,66,-0.071,324,14.42,1,112.0,5,97.6,1,3.07,67,OK,20,12
9.0,Oklahoma State,Big 12,18–13,34.0,At-Large,66.7,63.4,2015,38,14.92,111.8,51,96.8,53,63.3,238,-0.045,287,10.42,8,108.2,41,97.8,2,-1.65,208,OK,18,13
9.0,Oklahoma State,Big 12,21–12,35.0,At-Large,80.2,69.6,2014,21,20.98,115.9,22,95.0,24,67.2,59,-0.11,343,9.06,21,109.9,19,100.8,28,-1.15,194,OK,21,12
7.0,Clemson,ACC,16–7,27.0,At-Large,64.9,61.9,2021,45,15.48,106.4,107,90.9,19,64.0,337,0.1,18,14.39,41,109.7,43,95.3,38,11.6,46,SC,16,7
5.0,Clemson,ACC,23–9,19.0,At-Large,73.8,65.9,2018,14,21.65,114.2,44,92.6,7,66.1,274,-0.009,203,10.22,20,110.6,26,100.4,23,-1.91,214,SC,23,9
9.0,Georgia Tech,ACC,17–8,34.0,Automatic,74.9,70.0,2021,37,17.5,113.7,22,96.2,68,67.3,223,-0.005,193,12.7,61,108.7,65,96.0,58,-0.96,233,GA,17,8
11.0,Syracuse,ACC,16–9,41.0,At-Large,74.8,70.1,2021,42,16.75,113.7,24,96.9,77,68.6,151,0.029,109,12.94,58,109.4,48,96.5,66,2.09,188,NY,16,9
8.0,Syracuse,ACC,20–13,30.0,At-Large,69.7,66.1,2019,39,15.13,110.5,59,95.3,30,66.1,257,-0.004,188,9.4,38,108.6,46,99.2,31,0.17,156,NY,20,13
11.0,Syracuse,ACC,20–13,44.0,At-Large,66.6,63.8,2018,41,14.82,107.0,135,92.2,5,62.9,345,0.021,119,9.81,27,111.3,9,101.5,58,-0.2,163,NY,20,13
10.0,Syracuse,ACC,19–13,39.0,At-Large,70.0,65.1,2016,27,18.57,112.7,50,94.1,18,65.0,314,-0.027,249,10.21,18,110.9,12,100.7,33,-0.82,180,NY,19,13
3.0,Syracuse,ACC,27–5,10.0,At-Large,68.0,59.2,2014,18,21.62,114.6,28,93.0,13,59.6,344,0.016,141,7.23,55,109.4,33,102.2,74,-1.01,189,NY,27,5
4.0,Syracuse,Big East,26–9,16.0,At-Large,70.4,58.7,2013,9,24.83,113.1,26,88.3,6,63.1,235,-0.004,188,9.46,11,106.8,20,97.4,9,-4.44,282,NY,26,9
1.0,Syracuse,Big East,31–2,2.0,At-Large,74.1,61.0,2012,5,26.04,117.7,7,91.7,16,64.4,202,0.06,37,7.98,27,107.0,29,99.0,19,-2.11,216,NY,31,2
12.0,Oregon State,Pac–12,17–12,46.0,Automatic,69.1,68.4,2021,43,16.4,112.1,36,95.7,60,65.5,306,0.072,40,16.72,16,111.2,15,94.5,21,-4.52,278,OR,17,12
7.0,Oregon State,Pac–12,19–12,28.0,At-Large,71.8,70.7,2016,64,11.65,110.7,77,99.1,66,67.1,229,0.043,78,9.61,24,109.8,32,100.2,17,0.46,155,OR,19,12
13.0,Liberty,Atlantic Sun,23–5,53.0,Automatic,72.7,62.5,2021,98,8.6,109.8,58,101.2,153,63.1,347,-0.023,231,-4.82,287,99.5,283,104.3,272,1.58,195,VA,23,5
12.0,Liberty,Atlantic Sun,28–6,50.0,Automatic,72.0,62.8,2019,58,11.54,111.1,54,99.6,87,62.3,349,0.009,158,-3.27,230,102.5,245,105.8,203,-3.2,252,VA,28,6
16.0,Liberty,Big South,15–20,68.0,Automatic,67.5,70.8,2013,266,-9.38,101.3,196,110.6,312,64.4,186,-0.034,271,-6.47,308,99.4,306,105.8,309,-0.41,171,VA,15,20
14.0,Morehead State,Ohio Valley,23–7,56.0,Automatic,68.1,64.7,2021,134,3.19,100.6,205,97.4,88,65.2,314,0.146,4,-1.1,204,102.1,209,103.2,228,16.21,16,KY,23,7
15.0,Cleveland State,Horizon,19–7,60.0,Automatic,70.9,71.2,2021,169,-0.13,100.6,206,100.7,138,66.1,279,0.199,1,-0.83,202,105.1,122,106.0,335,20.35,9,OH,19,7
16.0,Drexel,Colonial,12–7,63.0,Automatic,70.4,67.4,2021,158,0.67,106.5,104,105.8,248,63.9,340,0.007,158,-2.28,227,101.2,229,103.5,241,-5.75,295,PA,12,7
5.0,Mississippi State,SEC,23–10,20.0,At-Large,77.3,70.4,2019,21,20.04,117.7,13,97.6,61,67.8,161,-0.038,270,10.09,34,110.1,17,100.0,44,2.22,100,MS,23,10
7.0,Louisville,ACC,20–13,25.0,At-Large,74.6,68.4,2019,23,19.35,113.7,28,94.4,24,67.2,199,-0.06,309,11.95,16,110.4,10,98.4,19,5.36,32,KY,20,13
2.0,Louisville,ACC,24–8,8.0,At-Large,77.3,66.0,2017,9,25.51,117.2,22,91.7,8,67.9,194,-0.023,244,11.14,17,111.6,7,100.5,33,4.2,48,KY,24,8
4.0,Louisville,ACC,24–8,15.0,At-Large,69.0,59.8,2015,17,21.21,110.2,66,88.9,4,64.6,155,0.027,115,9.69,18,109.5,11,99.8,19,-2.36,228,KY,24,8
4.0,Louisville,American,29–5,13.0,Automatic,81.0,61.1,2014,1,30.41,118.9,7,88.5,5,67.2,60,-0.045,278,4.31,95,107.0,100,102.7,93,-4.65,295,KY,29,5
1.0,Louisville,Big East,29–5,1.0,Automatic,74.3,58.3,2013,1,32.92,117.7,7,84.8,1,65.8,116,-0.016,230,10.23,7,107.4,11,97.2,6,2.15,100,KY,29,5
4.0,Louisville,Big East,26–9,16.0,Automatic,68.2,61.0,2012,17,20.67,106.2,112,85.5,1,66.1,115,0.031,91,10.06,5,108.6,5,98.6,9,0.11,149,KY,26,9
9.0,UCF,American,23–8,34.0,At-Large,72.3,64.5,2019,34,16.51,112.1,44,95.6,33,65.0,309,0.011,152,4.99,69,105.9,90,100.9,57,-3.71,264,FL,23,8
10.0,Minnesota,Big Ten,21–13,39.0,At-Large,70.6,69.4,2019,46,14.35,111.4,52,97.0,48,67.4,186,0.086,15,12.18,12,110.2,15,98.0,13,-2.91,244,MN,21,13
5.0,Minnesota,Big Ten,24–9,18.0,At-Large,75.2,69.4,2017,37,16.0,109.7,77,93.7,22,69.5,98,0.022,127,8.09,49,108.9,52,100.8,45,-1.81,209,MN,24,9
11.0,Minnesota,Big Ten,20–12,41.0,At-Large,68.7,62.2,2013,20,19.85,114.8,16,95.0,46,62.3,274,-0.036,273,11.22,2,108.5,3,97.3,7,2.07,103,MN,20,12
11.0,Temple,American,23–9,43.0,At-Large,74.7,71.5,2019,69,9.72,109.2,80,99.5,85,68.9,110,0.064,35,4.55,74,106.3,77,101.8,68,-1.07,188,PA,23,9
10.0,Temple,American,21–11,38.0,At-Large,68.7,67.6,2016,86,8.82,107.0,139,98.1,52,65.9,283,0.095,17,6.33,67,107.8,69,101.5,61,3.7,63,PA,21,11
9.0,Temple,Atlantic 10,23–9,34.0,At-Large,72.2,67.9,2013,59,12.67,111.3,39,98.6,100,65.6,121,0.038,87,5.48,72,105.7,58,100.2,82,0.82,130,PA,23,9
5.0,Temple,Atlantic 10,24–7,17.0,At-Large,75.0,69.5,2012,39,14.49,113.3,28,98.9,92,65.9,126,0.055,47,6.1,45,106.5,40,100.4,59,6.2,27,PA,24,7
11.0,Belmont,Ohio Valley,26–5,42.0,At-Large,86.4,74.7,2019,49,14.09,115.6,18,101.5,117,71.3,34,0.025,113,-1.98,194,103.6,183,105.6,198,3.78,63,TN,26,5
15.0,Belmont,Ohio Valley,22–10,60.0,Automatic,73.6,70.4,2015,142,2.27,110.2,65,107.9,240,66.9,57,0.065,41,-3.33,225,102.4,250,105.7,222,-1.68,209,TN,22,10
11.0,Belmont,Ohio Valley,26–6,44.0,Automatic,76.5,65.2,2013,43,14.92,111.6,37,96.6,69,65.9,114,0.013,144,-0.74,157,103.8,118,104.6,244,5.39,33,TN,26,6
14.0,Belmont,Atlantic Sun,27–7,57.0,Automatic,80.7,67.7,2012,25,16.96,117.1,9,100.1,121,67.2,72,-0.017,214,-0.32,162,103.4,148,103.7,182,4.69,44,TN,27,7
13.0,Saint Louis,Atlantic 10,23–12,53.0,Automatic,66.6,63.8,2019,106,6.02,102.2,214,96.2,40,66.4,239,0.044,74,0.49,126,104.4,150,103.9,129,-1.44,200,MO,23,12
5.0,Saint Louis,Atlantic 10,26–6,18.0,At-Large,69.9,62.5,2014,35,15.72,105.7,168,90.0,8,65.6,124,0.04,88,5.04,85,107.2,96,102.2,75,-1.5,206,MO,26,6
4.0,Saint Louis,Atlantic 10,27–6,15.0,Automatic,68.2,58.2,2013,19,20.01,108.6,71,88.6,8,63.8,213,0.0,179,3.91,97,104.5,101,100.6,91,-3.98,273,MO,27,6
9.0,Saint Louis,Atlantic 10,25–7,36.0,At-Large,68.6,57.5,2012,14,21.2,111.9,34,90.7,12,61.9,303,-0.056,301,4.36,71,105.0,76,100.6,69,-2.55,231,MO,25,7
15.0,Bradley,Missouri Valley,20–14,61.0,Automatic,66.3,65.5,2019,161,0.09,101.5,234,101.4,113,65.3,292,0.035,93,-1.66,183,102.6,242,104.3,147,-3.94,272,IL,20,14
16.0,North Carolina Central,MEAC,18–15,68.0,Automatic,67.9,68.2,2019,303,-11.55,97.8,295,109.3,267,65.3,291,-0.008,206,-11.84,352,97.0,353,108.9,343,1.19,120,NC,18,15
16.0,North Carolina Central,MEAC,19–15,67.0,Automatic,69.6,70.5,2018,316,-13.41,96.6,314,110.0,276,65.0,321,0.019,126,-12.78,350,98.4,349,111.2,351,-1.47,196,NC,19,15
16.0,North Carolina Central,MEAC,25–8,66.0,Automatic,72.9,64.0,2017,161,0.36,102.2,214,101.9,109,66.7,254,-0.055,304,-12.44,348,97.7,348,110.1,347,-0.66,172,NC,25,8
14.0,North Carolina Central,MEAC,28–5,58.0,Automatic,72.3,60.3,2014,92,7.98,108.6,114,100.7,92,62.3,293,0.04,87,-10.35,347,98.1,349,108.5,289,-1.94,216,NC,28,5
16.0,North Dakota State,Summit,18–15,67.0,Automatic,72.2,74.1,2019,202,-3.2,107.4,117,110.6,292,65.0,312,0.064,34,-2.85,217,104.8,138,107.6,292,3.23,84,ND,18,15
15.0,North Dakota State,Summit,23–9,62.0,Automatic,64.3,62.4,2015,152,1.41,103.8,181,102.4,134,60.8,324,0.105,6,-4.21,257,102.9,221,107.1,275,-5.5,314,ND,23,9
12.0,North Dakota State,Summit,25–6,48.0,Automatic,73.9,67.6,2014,61,11.76,115.5,25,103.7,144,62.3,292,0.089,17,1.38,121,106.8,105,105.4,173,5.32,44,ND,25,6
6.0,Buffalo,MAC,31–3,23.0,Automatic,84.2,71.3,2019,22,19.85,115.2,21,95.4,31,73.6,11,0.056,50,3.14,89,105.5,100,102.4,82,1.15,121,NY,31,3
13.0,Buffalo,MAC,26–8,51.0,Automatic,84.5,76.8,2018,67,11.53,114.7,34,103.2,135,72.7,16,0.006,158,-0.06,140,105.1,145,105.2,147,3.87,62,NY,26,8
14.0,Buffalo,MAC,20–14,56.0,Automatic,76.5,76.0,2016,138,2.95,105.9,158,102.9,134,72.1,27,0.044,76,0.97,131,106.5,95,105.6,177,2.0,107,NY,20,14
12.0,Buffalo,MAC,23–9,48.0,Automatic,74.6,68.3,2015,58,11.87,111.3,57,99.4,87,68.3,23,0.001,182,1.83,110,106.0,90,104.2,149,0.81,130,NY,23,9
7.0,Nevada,Mountain West,29–4,26.0,At-Large,80.1,66.8,2019,27,18.18,114.0,26,95.9,35,69.3,91,0.033,99,1.42,103,105.4,111,103.9,130,1.79,106,NV,29,4
7.0,Nevada,Mountain West,27–7,27.0,At-Large,82.6,73.1,2018,25,18.39,120.2,7,101.8,108,69.4,105,-0.026,255,5.13,74,107.0,87,101.8,63,3.61,67,NV,27,7
12.0,Nevada,Mountain West,28–6,47.0,Automatic,79.8,71.3,2017,54,13.31,114.6,36,101.3,101,69.7,90,0.055,45,1.29,105,104.5,155,103.2,104,-1.12,189,NV,28,6
11.0,Arizona State,Pac–12,22–10,45.0,At-Large,77.6,73.4,2019,57,11.55,109.7,73,98.2,64,70.8,47,0.051,59,5.56,65,107.3,64,101.7,66,1.55,112,AZ,22,10
11.0,Arizona State,Pac–12,20–11,43.0,At-Large,82.7,74.8,2018,49,14.13,116.7,18,102.6,123,71.3,43,-0.083,340,5.48,71,107.4,77,101.9,64,0.94,138,AZ,20,11
10.0,Arizona State,Pac–12,21–11,40.0,At-Large,75.3,69.4,2014,39,14.82,111.2,67,96.4,41,67.4,58,0.003,180,7.5,47,108.6,53,101.1,41,-2.6,234,AZ,21,11
11.0,St. John's,Big East,21–12,47.0,At-Large,77.1,74.8,2019,88,7.61,108.6,92,101.0,106,70.8,46,0.06,44,5.0,68,106.9,70,101.9,71,-6.49,330,NY,21,12
9.0,St. John's,Big East,21–11,33.0,At-Large,70.3,67.5,2015,50,13.7,110.7,62,97.0,55,66.7,61,0.05,65,8.72,24,109.0,20,100.3,36,-1.5,204,NY,21,11
14.0,Northern Kentucky,Horizon,26–8,58.0,Automatic,77.2,70.1,2019,96,7.14,109.4,76,102.3,130,68.2,143,-0.001,182,-3.37,234,103.6,186,107.0,262,-2.57,235,KY,26,8
15.0,Northern Kentucky,Horizon,24–10,59.0,Automatic,74.7,72.1,2017,138,1.91,106.8,130,104.9,178,68.0,189,0.073,22,-3.35,234,102.9,242,106.3,224,-2.55,228,KY,24,10
15.0,Montana,Big Sky,26–8,59.0,Automatic,75.9,69.4,2019,137,3.53,107.4,114,103.9,155,66.9,220,0.059,45,-6.07,288,102.4,259,108.4,328,4.03,58,MT,26,8
14.0,Montana,Big Sky,26–7,56.0,Automatic,77.1,68.6,2018,72,10.4,108.8,101,98.4,56,68.0,185,0.0,175,-1.96,186,104.0,192,106.0,192,2.09,98,MT,26,7
13.0,Montana,Big Sky,25–7,54.0,Automatic,69.3,66.2,2013,145,2.14,104.9,134,102.8,173,62.7,253,0.175,1,-5.21,276,101.8,186,107.0,337,8.71,10,MT,25,7
13.0,Montana,Big Sky,25–6,55.0,Automatic,70.5,62.6,2012,104,6.76,103.7,155,96.9,63,64.2,211,0.064,31,-5.3,294,102.5,183,107.8,344,-0.72,181,MT,25,6
16.0,Fairleigh Dickinson,Northeast,20–13,66.0,Automatic,74.2,73.0,2019,211,-4.22,106.5,139,110.7,295,66.8,223,0.04,81,-8.16,338,99.5,335,107.7,296,-1.86,215,NJ,20,13
16.0,Fairleigh Dickinson,Northeast,18–14,66.0,Automatic,76.5,79.1,2016,280,-10.63,104.4,177,115.0,334,71.5,43,0.097,16,-9.44,338,98.7,345,108.1,299,-0.17,169,NJ,18,14
16.0,Prairie View A&M,SWAC,22–12,65.0,Automatic,74.9,73.0,2019,209,-4.13,102.1,219,106.2,210,71.1,38,0.061,39,-7.85,331,98.8,343,106.7,243,6.15,26,TX,22,12
4.0,Kansas State,Big 12,25–8,15.0,At-Large,65.8,59.6,2019,20,20.06,108.4,98,88.4,3,63.4,339,0.049,65,10.22,32,109.3,31,99.1,29,-0.96,186,KS,25,8
9.0,Kansas State,Big 12,22–11,34.0,At-Large,71.1,67.0,2018,42,14.77,110.1,78,95.3,21,65.6,302,0.071,31,9.39,34,111.0,14,101.6,59,-6.5,324,KS,22,11
11.0,Kansas State,Big 12,20–13,46.0,At-Large,72.1,67.8,2017,30,17.44,113.0,42,95.6,33,66.2,268,-0.029,256,11.56,11,110.6,20,99.0,11,-5.31,305,KS,20,13
9.0,Kansas State,Big 12,20–12,33.0,At-Large,69.1,65.4,2014,45,14.1,107.8,125,93.7,16,63.3,247,0.001,185,8.17,35,110.5,8,102.3,81,-4.06,285,KS,20,12
8.0,Kansas State,Big 12,21–10,32.0,At-Large,71.0,64.1,2012,23,17.52,109.8,59,92.3,18,66.5,97,-0.024,231,7.98,28,107.0,28,99.1,21,-3.29,251,KS,21,10
7.0,Cincinnati,American,28–6,27.0,Automatic,71.7,62.7,2019,29,17.5,112.3,42,94.8,28,63.4,338,0.05,64,5.12,67,107.1,66,102.0,73,-2.85,243,OH,28,6
2.0,Cincinnati,American,30–4,8.0,Automatic,74.3,57.5,2018,4,26.6,113.4,49,86.8,2,64.5,330,-0.019,230,3.46,87,106.9,89,103.4,90,-4.21,294,OH,30,4
6.0,Cincinnati,American,29–5,22.0,At-Large,74.3,61.3,2017,23,22.18,114.9,34,92.8,15,63.5,330,0.026,116,4.17,80,107.1,75,103.0,94,-0.47,167,OH,29,5
9.0,Cincinnati,American,22–10,35.0,At-Large,73.3,63.3,2016,32,17.06,111.2,70,94.1,16,64.0,333,-0.067,322,5.2,77,107.3,79,102.1,75,-1.21,197,OH,22,10
8.0,Cincinnati,American,22–10,29.0,At-Large,62.1,55.8,2015,43,14.15,108.2,94,94.0,17,59.8,339,-0.016,220,3.39,87,104.9,114,101.5,68,1.69,108,OH,22,10
5.0,Cincinnati,American,27–6,17.0,At-Large,68.4,58.4,2014,27,19.24,109.7,98,90.4,9,61.1,328,0.036,97,4.72,92,107.3,93,102.6,88,-4.57,294,OH,27,6
10.0,Cincinnati,Big East,22–11,37.0,At-Large,66.5,59.0,2013,40,15.57,105.9,118,90.4,15,63.0,243,-0.012,215,7.31,35,105.6,66,98.3,23,-5.68,304,OH,22,11
6.0,Cincinnati,Big East,24–10,22.0,At-Large,68.2,61.5,2012,31,16.03,109.5,62,93.5,22,62.9,272,0.023,115,6.9,39,105.7,61,98.8,10,-9.17,338,OH,24,10
8.0,Ole Miss,SEC,20–12,31.0,At-Large,75.3,71.1,2019,50,13.98,113.2,33,99.2,80,68.5,131,-0.007,203,8.69,43,109.1,38,100.4,49,-1.11,191,MS,20,12
11.0,Ole Miss,SEC,20–12,43.0,At-Large,72.8,68.4,2015,46,13.88,114.5,28,100.6,104,66.2,78,-0.033,259,7.1,49,107.3,68,100.2,31,-1.19,193,MS,20,12
12.0,Ole Miss,SEC,26–8,47.0,Automatic,77.2,66.9,2013,34,16.95,112.3,30,95.3,51,69.2,19,-0.011,213,3.19,108,103.4,131,100.2,80,-7.55,326,MS,26,8
13.0,UC Irvine,Big West,30–5,51.0,Automatic,71.9,63.9,2019,73,9.16,107.4,118,98.2,65,65.3,293,0.11,8,-3.28,231,102.5,243,105.8,204,1.25,117,CA,30,5
13.0,UC Irvine,Big West,21–12,54.0,Automatic,66.4,63.3,2015,91,7.09,106.3,129,99.2,82,63.4,227,-0.022,231,0.9,127,104.7,123,103.8,128,2.29,90,CA,21,12
14.0,Old Dominion,C-USA,26–8,56.0,Automatic,65.7,60.8,2019,113,5.45,101.4,238,96.0,38,64.5,324,0.058,49,-2.15,203,102.5,244,104.7,165,-6.06,322,VA,26,8
16.0,Gardner–Webb,Big South,23–11,63.0,Automatic,75.2,73.3,2019,163,-0.04,107.8,109,107.8,245,67.4,189,0.07,29,-3.55,239,103.2,210,106.8,248,-4.07,278,NC,23,11
7.0,Wofford,Southern,29–4,28.0,Automatic,80.5,67.4,2019,18,20.69,118.1,10,97.4,56,65.7,278,0.046,68,1.82,97,106.0,83,104.2,144,8.37,6,SC,29,4
12.0,Wofford,Southern,28–6,49.0,Automatic,65.5,59.9,2015,96,6.72,105.2,158,98.5,70,60.5,331,0.122,3,-3.98,245,104.0,158,108.0,318,6.79,18,SC,28,6
15.0,Wofford,Southern,20–12,61.0,Automatic,64.6,62.9,2014,192,-1.94,100.6,252,102.6,125,60.5,337,0.025,125,-5.87,287,103.5,224,109.3,320,7.63,22,SC,20,12
9.0,Washington,Pac–12,26–8,33.0,At-Large,69.8,64.8,2019,48,14.28,107.7,110,93.5,18,66.0,262,0.088,13,6.06,61,107.6,62,101.5,64,2.73,93,WA,26,8
13.0,Northeastern,Colonial,23–10,54.0,Automatic,75.4,70.8,2019,89,7.59,111.0,58,103.4,151,66.2,253,0.05,61,-0.63,157,106.3,78,106.9,259,6.45,23,MA,23,10
14.0,Northeastern,Colonial,23–11,56.0,Automatic,68.5,65.1,2015,117,5.12,108.3,93,103.1,148,63.3,237,0.025,122,-1.29,168,104.5,132,105.7,226,1.8,104,MA,23,11
16.0,UMBC,America East,24–10,63.0,Automatic,71.6,69.8,2018,166,0.5,103.1,206,102.6,124,68.4,170,0.125,2,-4.38,269,102.7,267,107.1,259,-3.55,277,MD,24,10
1.0,Xavier,Big East,28–5,4.0,At-Large,84.4,74.7,2018,15,21.51,120.1,8,98.6,57,70.5,62,0.091,17,9.35,35,109.9,37,100.6,29,1.84,108,OH,28,5
11.0,Xavier,Big East,21–13,41.0,At-Large,74.6,71.3,2017,31,16.7,115.7,29,99.0,67,67.2,223,0.044,71,11.73,9,111.2,9,99.5,16,5.32,38,OH,21,13
2.0,Xavier,Big East,27–5,8.0,At-Large,80.5,70.4,2016,14,22.52,117.1,18,94.6,22,71.9,32,0.047,68,8.16,45,108.2,64,100.0,16,1.73,116,OH,27,5
6.0,Xavier,Big East,21–13,24.0,At-Large,73.3,67.4,2015,21,19.49,116.6,15,97.1,56,65.0,137,-0.062,317,10.29,10,109.5,12,99.2,10,2.07,94,OH,21,13
12.0,Xavier,Big East,21–12,46.0,At-Large,71.8,68.1,2014,52,13.11,112.9,46,99.8,76,64.2,202,0.017,139,7.89,37,109.1,38,101.2,44,0.41,149,OH,21,12
10.0,Xavier,Atlantic 10,21–12,40.0,At-Large,70.6,67.3,2012,53,12.59,108.7,74,96.1,49,66.4,104,0.031,89,7.24,31,107.4,20,100.1,48,4.56,47,OH,21,12
7.0,Texas A&M,SEC,20–12,25.0,At-Large,75.2,70.5,2018,29,16.96,111.3,66,94.4,14,69.5,101,0.014,140,11.69,4,111.8,2,100.1,15,5.12,37,TX,20,12
3.0,Texas A&M,SEC,26–8,12.0,At-Large,76.4,66.4,2016,18,21.26,113.8,37,92.5,9,67.1,230,0.006,162,8.48,42,109.6,36,101.1,50,3.15,76,TX,26,8
15.0,Lipscomb,Atlantic Sun,23–9,59.0,Automatic,80.4,78.7,2018,167,0.43,103.2,203,102.8,125,74.9,5,0.112,7,-4.31,267,103.2,235,107.5,278,5.84,30,TN,23,9
10.0,Butler,Big East,20–13,33.0,At-Large,78.9,72.6,2018,20,19.05,116.2,22,97.2,45,67.6,207,-0.047,290,11.21,7,112.0,1,100.8,34,0.11,154,IN,20,13
4.0,Butler,Big East,23–8,13.0,At-Large,76.3,68.9,2017,25,20.76,117.7,20,97.0,49,65.9,278,0.002,185,10.81,22,110.8,17,100.0,25,5.12,40,IN,23,8
9.0,Butler,Big East,21–10,34.0,At-Large,79.9,71.0,2016,30,17.27,118.0,15,100.7,97,67.9,178,-0.009,201,8.1,47,108.5,62,100.4,25,-4.1,282,IN,21,10
6.0,Butler,Big East,22–10,23.0,At-Large,69.0,61.0,2015,20,20.09,110.2,64,90.1,8,63.2,243,-0.023,233,9.72,17,110.6,4,100.9,48,0.69,133,IN,22,10
6.0,Butler,Atlantic 10,26–8,22.0,At-Large,68.5,63.6,2013,42,15.41,110.5,47,95.1,48,63.6,217,0.087,14,7.53,30,106.8,21,99.3,53,4.18,57,IN,26,8
13.0,Marshall,C-USA,24–10,54.0,Automatic,83.2,79.4,2018,105,6.53,109.4,93,102.9,126,74.7,6,0.06,54,0.07,137,105.6,118,105.5,164,-7.0,333,WV,24,10
14.0,Stephen F. Austin,Southland,28–6,58.0,Automatic,77.6,68.5,2018,112,5.58,104.5,181,99.0,64,71.1,49,0.031,97,-7.16,319,100.6,330,107.8,293,-2.26,225,TX,28,6
14.0,Stephen F. Austin,Southland,27–5,58.0,Automatic,79.1,64.4,2016,41,15.62,112.2,57,96.6,38,67.3,217,0.007,159,-5.88,286,102.7,251,108.6,321,4.79,42,TX,27,5
12.0,Stephen F. Austin,Southland,29–4,50.0,Automatic,78.0,65.2,2015,51,13.64,113.9,32,100.3,98,65.4,114,0.02,134,-5.56,299,102.2,260,107.7,306,0.63,135,TX,29,4
12.0,Stephen F. Austin,Southland,31–2,50.0,Automatic,75.4,63.8,2014,70,10.83,112.3,58,101.5,105,61.2,323,0.073,33,-7.12,309,102.0,298,109.2,316,-4.19,286,TX,31,2
16.0,LIU-Brooklyn,Northeast,18–16,66.0,Automatic,76.2,76.6,2018,259,-8.27,102.3,220,110.6,287,71.6,37,0.012,144,-8.68,336,100.2,334,108.9,333,-6.06,317,NY,18,16
16.0,LIU-Brooklyn,Northeast,20–13,65.0,Automatic,78.7,76.1,2013,192,-2.13,110.5,48,112.6,327,67.3,57,0.015,142,-6.79,312,99.3,309,106.0,313,-5.01,292,NY,20,13
16.0,LIU-Brooklyn,Northeast,25–8,63.0,Automatic,81.4,77.7,2012,162,0.75,108.7,75,107.9,272,73.4,2,0.117,5,-5.25,291,99.8,306,105.0,256,-2.27,225,NY,25,8
16.0,Radford,Big South,22–12,65.0,Automatic,66.9,65.4,2018,170,0.07,102.9,212,102.9,127,63.0,344,0.063,45,-4.03,255,102.8,259,106.9,249,3.49,71,VA,22,12
7.0,Rhode Island,Atlantic 10,25–7,28.0,At-Large,76.0,68.8,2018,52,13.93,111.1,69,97.2,46,68.4,173,0.063,44,3.49,85,107.6,75,104.1,107,3.83,64,RI,25,7
11.0,Rhode Island,Atlantic 10,24–9,44.0,Automatic,73.6,65.4,2017,34,16.26,111.5,57,95.2,30,66.4,262,-0.033,267,4.27,78,106.8,79,102.5,79,1.62,113,RI,24,9
9.0,NC State,ACC,21–11,37.0,At-Large,81.3,75.1,2018,46,14.52,116.3,21,101.8,109,71.4,38,-0.001,178,7.71,55,108.6,62,100.9,39,-9.71,342,NC,21,11
8.0,NC State,ACC,20–13,31.0,At-Large,70.1,65.8,2015,32,15.93,114.9,25,98.9,76,64.1,188,-0.003,191,9.84,16,109.3,15,99.5,16,-0.65,179,NC,20,13
12.0,NC State,ACC,21–13,47.0,At-Large,71.1,69.6,2014,62,11.6,114.0,34,102.4,121,64.7,172,0.065,39,7.77,40,108.4,60,100.7,21,-4.31,289,NC,21,13
8.0,NC State,ACC,24–10,32.0,At-Large,77.4,70.2,2013,33,16.99,116.8,10,99.8,122,66.8,69,-0.032,259,6.54,53,106.1,40,99.5,61,-0.36,167,NC,24,10
11.0,NC State,ACC,22–12,42.0,At-Large,72.9,67.6,2012,43,14.22,112.1,32,97.9,78,67.0,83,-0.004,183,6.22,43,105.9,53,99.7,36,1.18,119,NC,22,12
13.0,College of Charleston,Colonial,26–7,53.0,Automatic,74.7,69.5,2018,115,5.16,108.7,105,103.6,149,64.9,323,0.035,91,-4.06,257,104.8,153,108.9,332,-7.64,337,SC,26,7
14.0,Bucknell,Patriot,25–9,55.0,Automatic,81.1,73.1,2018,97,7.31,109.5,90,102.2,116,71.4,40,0.006,160,-4.35,268,102.8,260,107.1,264,5.79,31,PA,25,9
13.0,Bucknell,Patriot,26–8,51.0,Automatic,76.3,67.9,2017,76,9.38,109.7,78,100.3,83,70.0,83,0.006,174,-3.62,241,101.4,298,105.0,145,0.89,129,PA,26,8
11.0,Bucknell,Patriot,28–5,48.0,Automatic,66.9,58.0,2013,58,12.72,107.3,87,94.6,43,61.9,282,-0.014,220,-1.72,178,102.4,160,104.1,223,2.78,84,PA,28,5
16.0,Penn,Ivy,24–8,64.0,Automatic,75.2,69.8,2018,125,3.69,103.1,208,99.4,72,68.9,132,0.076,24,-4.15,261,103.7,209,107.8,296,-2.98,249,PA,24,8
6.0,SMU,American,30–4,21.0,Automatic,74.3,60.0,2017,11,24.73,119.8,10,95.0,27,63.5,333,0.003,183,3.25,88,105.3,117,102.1,70,-0.92,179,TX,30,4
6.0,SMU,American,27–6,21.0,Automatic,69.1,59.7,2015,26,17.51,113.1,37,95.6,40,63.1,250,-0.004,193,2.52,99,105.3,109,102.8,100,0.99,127,TX,27,6
7.0,South Carolina,SEC,22–10,26.0,At-Large,72.7,65.3,2017,24,20.8,108.9,91,88.1,3,68.6,145,-0.005,197,10.63,24,110.2,31,99.5,17,1.93,96,SC,22,10
12.0,UNC Wilmington,Colonial,29–5,49.0,Automatic,82.8,74.2,2017,59,12.46,118.0,19,105.5,193,70.3,67,0.039,76,0.4,128,105.1,123,104.7,139,2.17,87,NC,29,5
13.0,UNC Wilmington,Colonial,25–7,51.0,Automatic,78.3,72.4,2016,83,9.21,110.7,79,101.5,110,70.3,73,0.033,93,0.85,132,105.7,115,104.9,151,-3.9,271,NC,25,7
13.0,East Tennessee State,Southern,27–7,52.0,Automatic,79.2,69.7,2017,67,11.1,108.0,106,96.9,48,70.1,74,0.005,179,-1.17,163,105.4,106,106.6,240,0.38,143,TN,27,7
15.0,Troy,Sun Belt,22–14,60.0,Automatic,75.4,72.5,2017,137,2.04,109.7,79,107.6,232,68.1,182,-0.023,246,-2.86,219,102.4,263,105.3,161,-6.78,334,AL,22,14
16.0,New Orleans,Southland,20–11,67.0,Automatic,70.6,69.3,2017,178,-0.52,101.3,235,101.8,107,66.2,272,0.046,67,-5.29,287,102.3,267,107.6,291,8.32,13,LA,20,11
8.0,Northwestern,Big Ten,23–11,32.0,At-Large,71.1,65.5,2017,38,15.81,111.3,59,95.5,32,65.6,292,0.019,135,8.32,46,109.0,51,100.7,43,-3.23,249,IL,23,11
9.0,Vanderbilt,SEC,19–15,33.0,At-Large,71.1,68.1,2017,33,16.53,112.4,48,95.9,38,65.8,285,-0.048,292,11.43,13,110.1,33,98.7,7,6.3,32,TN,19,15
11.0,Vanderbilt,SEC,19–13,41.0,At-Large,75.9,67.4,2016,25,18.76,113.6,40,94.9,23,67.8,184,-0.106,346,8.6,40,109.2,44,100.6,31,3.68,65,TN,19,13
5.0,Vanderbilt,SEC,24–10,18.0,Automatic,72.6,65.0,2012,16,20.9,115.6,14,94.7,35,64.7,188,-0.048,280,8.48,13,107.7,14,99.2,24,3.03,79,TN,24,10
12.0,Princeton,Ivy,23–6,50.0,Automatic,70.4,62.0,2017,58,12.61,109.0,89,96.4,45,63.2,337,0.007,172,-1.08,157,103.9,187,105.0,144,2.17,86,NJ,23,6
14.0,Florida Gulf Coast,Atlantic Sun,26–7,56.0,Automatic,76.5,70.9,2017,108,5.07,109.4,83,104.4,168,65.9,280,0.037,83,-4.8,275,103.7,194,108.5,328,2.14,90,FL,26,7
16.0,Florida Gulf Coast,Atlantic Sun,20–13,65.0,Automatic,76.0,72.9,2016,162,-0.08,103.6,189,103.7,148,67.0,240,-0.038,274,-5.83,285,104.1,191,110.0,349,-1.87,219,FL,20,13
15.0,Florida Gulf Coast,Atlantic Sun,24–10,59.0,Automatic,72.1,67.3,2013,105,6.27,104.9,136,98.6,99,67.9,41,0.039,79,-2.79,213,101.3,215,104.1,221,4.57,48,FL,24,10
15.0,North Dakota,Big Sky,22–9,62.0,Automatic,78.8,75.2,2017,168,0.04,103.6,188,103.5,157,71.5,35,0.048,61,-5.66,296,103.0,237,108.6,330,3.24,66,ND,22,9
16.0,UC Davis,Big West,22–12,65.0,Automatic,69.1,69.6,2017,218,-4.41,97.8,293,102.2,115,68.9,125,0.131,1,-5.31,288,100.8,313,106.1,215,-0.94,181,CA,22,12
7.0,Dayton,Atlantic 10,24–7,28.0,At-Large,75.4,66.7,2017,39,15.57,111.9,53,96.3,43,68.4,163,-0.021,235,3.64,82,105.9,90,102.3,75,2.53,77,OH,24,7
7.0,Dayton,Atlantic 10,25–7,26.0,At-Large,72.5,65.9,2016,59,12.63,106.6,146,94.0,15,67.8,183,0.082,28,3.89,86,107.3,75,103.4,109,2.58,91,OH,25,7
11.0,Dayton,Atlantic 10,25–8,46.0,At-Large,67.8,60.8,2015,42,14.24,109.2,75,95.0,30,63.4,229,0.022,132,3.39,88,105.4,107,102.0,81,0.07,158,OH,25,8
11.0,Dayton,Atlantic 10,23–10,41.0,At-Large,72.2,67.0,2014,42,14.25,113.8,37,99.6,72,63.8,223,0.038,93,6.25,63,107.7,79,101.4,51,-0.57,178,OH,23,10
11.0,Wake Forest,ACC,19–13,43.0,At-Large,82.8,78.4,2017,36,16.25,120.9,7,104.7,176,70.7,57,-0.043,290,10.54,25,111.1,12,100.6,39,4.51,45,NC,19,13
12.0,Middle Tennessee,C-USA,30–4,48.0,Automatic,74.1,63.9,2017,43,14.95,112.2,51,97.2,53,64.6,311,0.011,162,-0.93,154,104.4,158,105.3,165,3.86,54,TN,30,4
15.0,Middle Tennessee,C-USA,24–9,59.0,Automatic,72.2,68.8,2016,119,4.76,104.6,173,99.9,85,67.6,200,0.088,21,-0.58,162,105.5,119,106.1,201,2.11,104,TN,24,9
11.0,Middle Tennessee,Sun Belt,28–5,50.0,At-Large,70.7,58.1,2013,44,14.77,107.3,89,92.5,28,63.4,223,0.052,48,-2.3,191,100.7,243,103.0,171,4.87,43,TN,28,5
14.0,Kent State,MAC,22–13,57.0,Automatic,76.0,73.5,2017,141,1.68,104.9,159,103.3,142,68.3,176,0.024,122,-1.92,188,104.4,160,106.3,225,-5.91,316,OH,22,13
4.0,California,Pac–12,23–10,14.0,At-Large,74.9,67.3,2016,28,18.32,112.5,53,94.2,19,68.1,162,-0.053,300,7.65,52,109.4,40,101.8,70,-2.58,234,CA,23,10
12.0,California,Pac–12,20–11,42.0,At-Large,67.2,64.3,2013,56,13.11,107.3,88,94.2,39,64.9,159,0.041,77,8.35,21,106.0,43,97.6,10,2.12,101,CA,20,11
12.0,California,Pac–12,24–9,45.0,At-Large,71.1,61.9,2012,29,16.37,111.3,43,94.9,38,65.7,135,-0.007,192,3.61,89,104.5,98,100.9,79,-1.83,210,CA,24,9
13.0,Hawaii,Big West,27–5,52.0,Automatic,76.6,66.5,2016,60,12.16,108.2,112,96.1,35,70.6,58,0.013,142,-2.32,204,102.5,258,104.9,149,-8.92,341,HI,27,5
15.0,UNC Asheville,Big South,22–11,61.0,Automatic,73.9,69.6,2016,131,3.44,103.6,188,100.1,89,70.1,81,-0.008,197,-4.12,248,103.4,222,107.5,264,2.64,89,NC,22,11
16.0,UNC Asheville,Big South,24–9,64.0,Automatic,78.1,72.3,2012,114,5.5,110.4,55,104.9,219,68.2,39,-0.001,173,-4.12,261,101.8,221,105.9,303,7.91,16,NC,24,9
16.0,Austin Peay,Ohio Valley,18–17,63.0,Automatic,74.9,77.9,2016,217,-5.1,104.5,176,109.6,266,69.5,101,0.061,43,-2.92,213,105.1,149,108.0,292,-0.19,170,TN,18,17
8.0,Saint Joseph's,Atlantic 10,27–7,32.0,Automatic,77.2,70.1,2016,43,15.37,114.3,32,98.9,63,70.2,78,0.03,95,4.66,80,107.0,85,102.3,82,1.97,109,PA,27,7
10.0,Saint Joseph's,Atlantic 10,24–9,38.0,Automatic,71.6,67.6,2014,55,12.93,112.3,57,99.4,68,64.3,198,0.079,25,6.18,64,107.5,85,101.3,45,0.17,156,PA,24,9
11.0,Northern Iowa,Missouri Valley,22–12,46.0,Automatic,68.3,64.0,2016,67,11.13,109.6,94,98.5,56,62.9,346,0.013,148,4.8,79,106.1,107,101.3,53,7.57,17,IA,22,12
5.0,Northern Iowa,Missouri Valley,30–3,20.0,Automatic,65.2,54.6,2015,18,20.98,116.3,18,95.3,36,58.2,348,0.018,140,1.42,116,104.4,137,103.0,104,0.61,137,IA,30,3
14.0,Green Bay,Horizon,23–12,55.0,Automatic,82.7,80.9,2016,127,3.74,108.3,111,104.6,172,76.2,6,0.057,51,0.11,146,104.4,180,104.3,133,1.92,110,WI,23,12
15.0,Cal State Bakersfield,WAC,24–8,60.0,Automatic,71.6,63.9,2016,110,6.26,104.0,181,97.8,50,67.6,201,-0.003,179,-6.5,302,100.6,316,107.1,242,-2.99,249,CA,24,8
16.0,Holy Cross,Patriot,14–19,68.0,Automatic,64.8,69.9,2016,285,-11.39,97.1,307,108.5,241,63.6,339,0.065,39,-6.09,290,101.9,288,108.0,294,-6.27,313,MA,14,19
16.0,Southern,SWAC,22–12,67.0,Automatic,70.7,69.0,2016,229,-5.75,100.5,248,106.3,198,68.9,126,0.04,83,-8.52,332,99.1,340,107.6,273,3.49,70,LA,22,12
16.0,Southern,SWAC,23–9,64.0,Automatic,66.3,58.6,2013,162,0.5,99.3,231,98.8,103,63.4,222,-0.031,257,-11.47,347,95.2,347,106.7,331,4.12,58,LA,23,9
10.0,Pittsburgh,ACC,21–11,37.0,At-Large,74.8,68.0,2016,37,16.6,114.9,28,98.3,53,65.3,303,-0.011,206,9.06,34,110.8,14,101.7,68,-7.02,324,PA,21,11
9.0,Pittsburgh,ACC,25–9,36.0,At-Large,71.8,61.9,2014,16,21.89,116.9,18,95.0,25,62.2,295,-0.038,264,7.62,44,108.0,69,100.4,13,-3.66,275,PA,25,9
8.0,Pittsburgh,Big East,24–8,31.0,At-Large,69.2,56.0,2013,11,24.08,115.6,12,91.5,21,59.3,337,-0.058,304,4.52,84,104.9,89,100.4,87,-9.69,340,PA,24,8
11.0,Tulsa,American,20–11,45.0,At-Large,73.6,69.6,2016,65,11.5,111.2,69,99.7,79,68.4,149,-0.003,181,5.54,76,107.0,84,101.4,60,1.46,127,OK,20,11
13.0,Tulsa,C-USA,21–12,52.0,Automatic,72.7,67.6,2014,82,8.93,106.1,159,97.2,51,66.8,72,-0.023,234,0.57,136,104.9,154,104.3,124,2.81,82,OK,21,12
13.0,Stony Brook,America East,26–6,53.0,Automatic,74.9,65.8,2016,94,8.13,107.3,132,99.1,67,67.2,228,0.049,63,-5.6,280,103.3,232,108.9,329,4.38,49,NY,26,6
15.0,Weber State,Big Sky,26–8,62.0,Automatic,73.8,68.5,2016,142,2.45,103.4,191,100.9,102,66.8,243,0.019,124,-5.67,282,103.3,228,109.0,333,1.16,137,UT,26,8
16.0,Weber State,Big Sky,19–11,64.0,Automatic,71.4,68.1,2014,172,-0.62,106.4,149,107.0,213,62.9,263,-0.009,203,-6.78,304,103.3,238,110.0,338,6.69,30,UT,19,11
3.0,Utah,Pac–12,26–8,11.0,At-Large,76.1,69.4,2016,33,16.79,115.6,26,98.8,60,65.3,305,0.112,9,9.79,21,109.8,33,100.0,12,1.9,114,UT,26,8
5.0,Utah,Pac–12,24–8,17.0,At-Large,70.9,57.4,2015,8,27.24,116.4,17,89.2,6,60.5,328,-0.054,301,8.19,33,108.8,26,100.6,44,0.6,138,UT,24,8
12.0,Little Rock,Sun Belt,29–4,48.0,Automatic,70.2,61.3,2016,56,13.24,109.2,98,96.0,33,63.4,342,0.056,52,-0.77,167,104.2,188,104.9,155,-0.2,171,AR,29,4
14.0,Fresno State,Mountain West,25–9,57.0,Automatic,74.5,71.4,2016,108,6.63,107.4,127,100.8,99,69.0,121,0.085,23,1.65,121,105.3,135,103.7,114,-2.89,244,CA,25,9
16.0,Hampton,MEAC,21–10,64.0,Automatic,74.0,74.3,2016,248,-7.4,99.8,266,107.2,216,71.2,50,0.157,2,-9.75,341,98.9,342,108.7,325,1.91,112,VA,21,10
16.0,Hampton,MEAC,16–17,68.0,Automatic,67.0,68.2,2015,251,-7.4,96.6,303,104.0,164,69.2,15,0.031,105,-7.48,336,99.5,337,106.9,271,-0.55,176,VA,16,17
13.0,Valparaiso,Horizon,28–5,51.0,Automatic,68.2,59.9,2015,64,11.13,107.4,112,96.3,45,62.3,278,0.053,60,-2.06,191,104.2,153,106.3,242,-3.69,271,IN,28,5
14.0,Valparaiso,Horizon,26–7,56.0,Automatic,70.9,62.7,2013,65,11.42,110.7,44,99.3,111,64.3,188,0.021,130,-1.5,173,101.5,207,103.0,168,-3.18,261,IN,26,7
16.0,Manhattan,MAAC,19–13,67.0,Automatic,69.7,67.7,2015,162,0.31,101.9,224,101.6,119,67.7,30,-0.001,186,-3.59,234,102.0,275,105.6,219,-0.4,169,NY,19,13
13.0,Manhattan,MAAC,25–7,51.0,Automatic,77.0,70.0,2014,74,10.21,107.2,134,97.0,46,67.7,46,-0.008,202,-0.2,152,105.6,128,105.8,191,3.46,65,NY,25,7
13.0,Harvard,Ivy,22–7,52.0,Automatic,63.2,58.5,2015,75,9.23,104.8,165,95.6,39,61.1,317,0.091,13,-0.18,145,104.3,146,104.5,158,0.36,145,MA,22,7
12.0,Harvard,Ivy,26–4,49.0,Automatic,73.0,61.8,2014,32,17.58,112.9,47,95.3,27,64.1,211,0.02,131,0.13,146,104.5,170,104.3,125,0.98,130,MA,26,4
14.0,Harvard,Ivy,19–9,58.0,Automatic,68.3,64.5,2013,93,7.07,108.1,74,101.1,140,63.3,229,0.037,89,0.6,133,102.8,145,102.2,126,5.07,38,MA,19,9
12.0,Harvard,Ivy,26–4,46.0,Automatic,65.2,55.8,2012,41,14.34,108.8,72,94.4,29,60.7,325,0.027,99,-0.87,175,101.4,245,102.2,134,0.65,138,MA,26,4
16.0,Coastal Carolina,Big South,24–9,64.0,Automatic,70.5,65.4,2015,140,2.38,106.7,119,104.3,170,64.1,190,0.006,171,-6.45,319,102.2,261,108.6,337,-1.05,187,SC,24,9
16.0,Coastal Carolina,Big South,21–12,63.0,Automatic,70.2,69.1,2014,221,-4.98,98.2,290,103.2,133,65.6,125,0.04,89,-8.1,332,102.1,297,110.2,342,-4.94,301,SC,21,12
10.0,Georgia,SEC,21–11,40.0,At-Large,68.2,64.4,2015,35,15.09,109.6,70,94.5,22,64.1,184,0.001,181,8.73,23,108.6,30,99.9,22,1.41,116,GA,21,11
14.0,Albany,America East,24–8,58.0,Automatic,65.3,60.5,2015,131,3.29,107.2,116,103.9,162,60.8,323,0.054,56,-5.5,297,100.4,325,105.9,229,0.18,154,NY,24,8
16.0,Albany,America East,18–14,66.0,Automatic,65.9,63.9,2014,181,-1.04,102.9,217,103.9,148,61.6,314,0.002,181,-5.12,270,101.5,311,106.6,224,0.91,135,NY,18,14
15.0,Albany,America East,24–10,62.0,Automatic,64.3,60.7,2013,150,1.36,102.6,171,101.3,144,61.7,289,0.082,18,-5.19,275,98.6,318,103.8,210,-6.61,319,NY,24,10
16.0,Lafayette,Patriot,20–12,63.0,Automatic,73.0,73.2,2015,193,-2.14,112.9,38,115.1,338,64.6,160,0.097,10,-4.01,246,103.0,215,107.0,272,-0.45,170,PA,20,12
16.0,North Florida,Atlantic Sun,23–11,65.0,Automatic,74.0,68.9,2015,143,2.26,108.4,88,106.2,204,67.1,51,-0.022,230,-7.19,331,101.0,312,108.2,321,2.23,91,FL,23,11
16.0,Robert Morris,Northeast,19–14,66.0,Automatic,69.0,68.5,2015,184,-1.39,103.1,197,104.5,172,65.4,118,0.055,54,-4.59,264,102.7,233,107.3,287,2.49,86,PA,19,14
7.0,New Mexico,Mountain West,27–6,28.0,Automatic,74.0,66.1,2014,33,17.15,113.5,41,96.3,39,64.4,191,0.032,106,4.83,88,107.7,78,102.9,97,3.24,69,NM,27,6
3.0,New Mexico,Mountain West,29–5,9.0,Automatic,67.3,60.6,2013,23,19.02,109.9,53,90.9,16,63.7,214,0.073,27,7.98,25,106.4,31,98.4,25,4.42,51,NM,29,5
5.0,New Mexico,Mountain West,27–6,20.0,Automatic,72.1,59.9,2012,20,19.45,110.8,51,91.4,15,65.5,141,0.003,165,2.65,106,103.9,122,101.3,100,-4.16,273,NM,27,6
10.0,Stanford,Pac–12,21–12,37.0,At-Large,72.7,68.3,2014,34,16.06,112.4,54,96.4,40,65.3,147,0.016,144,9.42,14,110.2,17,100.7,25,2.34,97,CA,21,12
14.0,Western Michigan,MAC,23–9,55.0,Automatic,71.6,68.4,2014,131,3.36,106.3,152,103.0,130,65.2,151,0.098,10,-1.86,188,103.9,202,105.7,187,-3.25,261,MI,23,9
15.0,Eastern Kentucky,Ohio Valley,24–9,59.0,Automatic,70.9,67.7,2014,125,3.96,112.4,55,108.4,235,64.2,203,0.036,96,-4.97,268,104.1,189,109.0,314,-5.04,304,KY,24,9
9.0,George Washington,Atlantic 10,24–8,34.0,At-Large,73.2,67.0,2014,47,13.82,110.8,74,97.0,47,65.3,144,0.056,61,5.56,74,107.3,95,101.7,61,-0.08,162,DC,24,8
15.0,Milwaukee,Horizon,21–13,60.0,Automatic,69.9,71.0,2014,168,0.08,104.7,188,104.6,164,65.8,115,0.119,4,0.03,150,104.4,173,104.4,128,-2.92,247,WI,21,13
11.0,Nebraska,Big Ten,19–12,42.0,At-Large,66.8,65.2,2014,56,12.64,108.8,111,96.1,36,64.7,170,0.047,77,9.3,18,108.4,61,99.1,3,-1.95,217,NE,19,12
14.0,Louisiana-Lafayette,Sun Belt,23–11,57.0,Automatic,79.4,76.2,2014,113,5.19,110.2,89,105.0,167,68.5,31,0.038,91,-0.57,161,105.0,150,105.6,181,4.65,55,LA,23,11
15.0,American,Patriot,20–12,62.0,Automatic,63.1,59.1,2014,120,4.57,103.4,206,98.9,61,59.7,343,0.007,165,-2.59,208,103.6,218,106.2,210,-0.1,163,DC,20,12
6.0,Massachusetts,Atlantic 10,24–8,23.0,At-Large,75.8,71.2,2014,50,13.46,110.0,91,96.5,43,70.3,11,0.065,40,7.33,52,108.0,71,100.6,19,5.53,40,MA,24,8
14.0,Mercer,Atlantic Sun,26–8,56.0,Automatic,76.8,68.0,2014,87,8.34,110.8,75,102.4,119,63.6,233,0.022,130,-4.44,248,103.6,216,108.0,279,4.65,56,GA,26,8
16.0,Cal Poly,Big West,13–19,68.0,Automatic,61.8,64.8,2014,176,-0.82,103.6,202,104.4,159,58.8,347,-0.044,276,2.38,111,107.4,89,105.0,158,10.19,9,CA,13,19
14.0,Northwestern State,Southland,23–8,57.0,Automatic,76.9,72.7,2013,138,2.82,106.6,106,103.8,195,71.9,1,0.075,25,-3.56,235,99.6,297,103.2,179,8.11,12,LA,23,8
16.0,Western Kentucky,Sun Belt,20–15,63.0,Automatic,66.7,66.2,2013,173,-0.41,101.8,188,102.2,157,64.6,179,0.029,105,-2.47,199,100.9,235,103.3,186,3.24,75,KY,20,15
16.0,Western Kentucky,Sun Belt,15–18,68.0,Automatic,64.9,68.1,2012,193,-2.67,97.8,264,100.5,127,67.9,47,0.083,18,0.0,156,102.3,198,102.3,140,2.63,87,KY,15,18
13.0,La Salle,Atlantic 10,21–9,49.0,At-Large,72.1,66.4,2013,50,13.89,111.8,34,98.0,87,64.6,177,0.051,50,5.67,68,105.8,53,100.1,77,-0.5,174,PA,21,9
5.0,UNLV,Mountain West,25–9,18.0,At-Large,70.8,63.6,2013,38,16.07,106.0,115,90.0,12,67.9,42,-0.015,226,6.23,59,106.1,37,99.9,70,-0.28,162,NV,25,9
6.0,UNLV,Mountain West,26–8,21.0,At-Large,75.6,66.4,2012,37,14.97,109.2,67,94.2,27,68.7,31,0.006,158,3.54,91,104.5,100,100.9,80,-0.24,164,NV,26,8
15.0,Pacific,Big West,22–12,60.0,Automatic,66.3,65.4,2013,128,3.96,106.1,114,102.2,158,62.2,275,0.074,26,0.86,130,104.2,111,103.3,187,9.06,7,CA,22,12
16.0,James Madison,Colonial,20–14,66.0,Automatic,65.2,64.6,2013,182,-0.92,100.2,218,101.1,141,62.9,248,0.063,34,-3.42,233,101.9,180,105.3,279,-4.5,283,VA,20,14
16.0,North Carolina A&T,MEAC,19–16,67.0,Automatic,61.6,62.2,2013,227,-5.3,93.2,311,98.5,96,65.5,134,0.037,90,-6.98,318,97.2,329,104.2,229,-1.55,211,NC,19,16
9.0,Southern Miss,C-USA,25–8,35.0,At-Large,70.5,66.3,2012,68,10.83,111.2,44,100.4,125,63.8,238,0.041,68,4.41,69,104.7,90,100.3,51,2.32,90,MS,25,8
15.0,Loyola,MAAC,24–8,59.0,Automatic,67.3,64.2,2012,129,3.91,103.9,150,100.0,116,63.6,251,0.114,6,-2.7,223,101.8,224,104.5,227,-0.69,180,MD,24,8
12.0,South Florida,Big East,20–13,47.0,At-Large,58.9,57.0,2012,48,13.13,103.9,151,90.8,13,58.5,343,0.04,72,8.17,23,107.2,26,99.0,20,1.27,116,FL,20,13
15.0,Detroit Mercy,Horizon,22–13,61.0,Automatic,70.3,67.9,2012,115,5.48,108.1,82,102.6,164,67.1,76,-0.008,193,0.35,144,102.2,202,101.8,120,1.14,120,MI,22,13
16.0,Lamar,Southland,23–11,65.0,Automatic,72.2,66.0,2012,108,6.33,107.6,88,101.3,138,66.0,123,-0.028,246,-3.98,252,99.4,310,103.4,173,5.21,37,TX,23,11
15.0,Lehigh,Patriot,26–7,60.0,Automatic,75.1,65.7,2012,79,9.29,108.6,76,99.3,96,67.6,56,-0.026,239,-5.57,300,100.3,293,105.8,295,-5.17,299,PA,26,7
16.0,Mississippi Valley State,SWAC,21–12,67.0,Automatic,68.6,69.0,2012,237,-6.3,98.0,260,104.2,200,68.9,29,0.125,3,-8.67,336,96.5,337,105.2,268,14.37,3,MS,21,12
12.0,Long Beach State,Big West,25–8,51.0,Automatic,73.6,64.9,2012,36,15.27,111.7,38,96.4,53,66.4,109,-0.047,274,1.25,127,104.0,118,102.8,156,14.84,2,CA,25,8
